{"frameRate":24,"name":"cangjiBodyAnimtaion","version":"5.5","compatibleVersion":"5.5","armature":[{"type":"Armature","frameRate":24,"name":"cangjiBodyAnimtaion","aabb":{"x":-227.28,"y":-514.68,"width":353.45,"height":519.01},"bone":[{"name":"root","transform":{"x":-1.25,"y":-6.4081,"scX":-1}},{"name":"tools","parent":"root"},{"length":45,"name":"right","parent":"root","transform":{"x":171.4262}},{"length":72,"name":"left","parent":"root","transform":{"x":-164.6068}},{"length":171,"name":"body","parent":"root","transform":{"x":5.6567,"y":-131.9824}},{"name":"bone_ikTarget-left","parent":"left","transform":{"x":104.958,"y":-0.1099}},{"name":"bone_ikTarget-right","parent":"right","transform":{"x":-167.9857,"y":-1.3248}},{"length":209,"name":"head","parent":"body","transform":{"x":18.4928,"y":-66.244,"skX":-90.4231,"skY":-90.4231}},{"length":45,"name":"legleft","parent":"body","transform":{"x":-23.9653,"y":80.8574,"skX":85.93,"skY":85.93}},{"length":52,"name":"legright","parent":"body","transform":{"x":37.1815,"y":77.7026,"skX":87.3,"skY":87.3}},{"length":75,"name":"armleft","parent":"body","transform":{"x":-54.1388,"y":-48.9482,"skX":104,"skY":104}},{"length":45,"name":"armright1","parent":"body","transform":{"x":75.1202,"y":-41.4708,"skX":68,"skY":68}},{"name":"wang","parent":"tools"},{"length":44,"name":"qipao","parent":"tools","transform":{"x":-102.1105,"y":-343.6074}},{"length":46,"name":"handleft","parent":"legleft","transform":{"x":46.8177,"y":-1.2044,"skX":88.58,"skY":88.58}},{"length":43,"name":"handright","parent":"armright1","transform":{"x":50.2806,"y":-1.5145,"skX":3,"skY":3}},{"length":39,"name":"nouse","parent":"head","transform":{"x":87.8375,"y":-60.3558,"skX":90.4231,"skY":90.4231}},{"length":63,"name":"hariback","parent":"head","transform":{"x":90.8329,"y":28.5521}},{"length":33,"name":"baobao","parent":"head","transform":{"x":133.8876,"y":-137.1875,"skX":90.4231,"skY":90.4231}},{"length":30,"name":"browright","parent":"head","transform":{"x":142.5012,"y":-7.5449}},{"length":40,"name":"footright","parent":"legright","transform":{"x":51.4837,"y":1.7756,"skX":90.63,"skY":90.63}},{"length":33,"name":"eyeleft","parent":"head","transform":{"x":110.6753,"y":-97.5283}},{"length":30,"name":"browleft","parent":"head","transform":{"x":144.2527,"y":-93.562}},{"length":72,"name":"mouse","parent":"head","transform":{"x":43.2852,"y":-48.8954,"skX":90.4231,"skY":90.4231}},{"length":36,"name":"eyeright","parent":"head","transform":{"x":105.5352,"y":-6.1417}},{"name":"yanlei","parent":"head","transform":{"x":47.6908,"y":-8.9383,"skX":7,"skY":7,"scX":0.8,"scY":1.5}},{"length":36,"name":"hairfront","parent":"head","transform":{"x":188.4599,"y":32.0639}},{"length":57,"name":"handleft_1","parent":"armleft","transform":{"x":70.1463,"y":0.4737,"skX":10,"skY":10}},{"length":33,"name":"huoba","parent":"handright","transform":{"x":46.3534,"y":49.089,"skX":-95,"skY":-95}},{"length":33,"name":"huobamugun","parent":"huoba"}],"slot":[{"name":"hairback","parent":"hariback"},{"name":"legright1","parent":"legleft"},{"name":"footright1","parent":"handleft"},{"name":"legright","parent":"legright"},{"name":"footright","parent":"footright"},{"name":"armleft1","parent":"armleft"},{"name":"armright 1","parent":"handleft_1"},{"name":"body","parent":"body"},{"name":"head","parent":"head"},{"displayIndex":-1,"name":"baobao","parent":"baobao"},{"name":"hairfront","parent":"hairfront"},{"name":"browleft","parent":"browleft"},{"name":"browright","parent":"browright"},{"name":"nose","parent":"nouse"},{"name":"mouse","parent":"mouse"},{"displayIndex":-1,"name":"lanse","parent":"yanlei"},{"name":"eyeleft","parent":"eyeleft"},{"displayIndex":-1,"name":"mubang","parent":"huoba"},{"name":"eyeright","parent":"eyeright"},{"name":"armleftblack","parent":"armright1"},{"name":"handleftblack","parent":"handright"},{"name":"armleft","parent":"armright1"},{"name":"armright ","parent":"handright"},{"displayIndex":-1,"name":"zhizhusi","parent":"wang"},{"displayIndex":-1,"name":"qipao","parent":"qipao"},{"displayIndex":-1,"name":"huoba","parent":"huobamugun"}],"ik":[{"chain":1,"name":"bone_ik1","bone":"handleft","target":"bone_ikTarget-left"},{"chain":1,"name":"bone_ik","bone":"footright","target":"bone_ikTarget-right"}],"skin":[{"slot":[{"name":"legright1","display":[{"name":"legright","transform":{"x":13.61,"y":4.68,"skX":-89.93,"skY":-89.93}}]},{"name":"baobao","display":[{"name":"baobao","transform":{"x":-6.29,"y":-20.3,"skX":-16,"skY":-16,"scX":0.7,"scY":0.7}}]},{"name":"browright","display":[{"name":"browright","transform":{"skX":90.42,"skY":90.42}}]},{"name":"zhizhusi","display":[{"name":"zhizhusi","transform":{"x":26.17,"y":-281.38,"skX":-104,"skY":-104,"scX":2.05,"scY":2.05}}]},{"name":"head","display":[{"name":"head","transform":{"x":121.73,"y":13.33,"skX":90.42,"skY":90.42}}]},{"name":"lanse","display":[{"name":"lanse","transform":{"skX":89.58,"skY":89.58}}]},{"name":"eyeright","display":[{"name":"eyeright","transform":{"skX":90.42,"skY":90.42}},{"name":"eye-1"},{"name":"meimao-xiao","transform":{"skX":87,"skY":87}}]},{"name":"hairback","display":[{"name":"hairback","transform":{"skX":90.42,"skY":90.42}}]},{"name":"nose","display":[{"name":"nose"}]},{"name":"hairfront","display":[{"name":"hairfront","transform":{"x":-2.22,"y":-1.69,"skX":90.42,"skY":90.42}}]},{"name":"armleft1","display":[{"name":"armleft","transform":{"x":15.67,"y":-3.39,"skX":-83,"skY":-83}}]},{"name":"mouse","display":[{"name":"mouse","transform":{"x":6.94,"y":-12.01}},{"name":"mouse1","transform":{"x":11.01,"y":-1.61}},{"name":"zuiba"},{"name":"xiao"}]},{"name":"mubang","display":[{"name":"mubang","transform":{"skX":-83,"skY":-83}},{"name":"chuizi","transform":{"x":-0.1,"y":0.23,"skX":-88,"skY":-88}}]},{"name":"armright ","display":[{"name":"armright ","transform":{"x":32.89,"y":-7.92,"skX":-86,"skY":-86}}]},{"name":"footright","display":[{"name":"footright","transform":{"x":11.5,"y":0.42,"skX":-177.93,"skY":-177.93}}]},{"name":"legright","display":[{"name":"legright","transform":{"x":2.93,"y":4.53,"skX":-88.3,"skY":-88.3}}]},{"name":"browleft","display":[{"name":"browleft","transform":{"skX":90.42,"skY":90.42}}]},{"name":"huoba","display":[{"type":"armature","name":"huoba","transform":{"x":-114.8,"y":-82.96}}]},{"name":"body","display":[{"name":"body","transform":{"x":13.25,"y":0.35}}]},{"name":"footright1","display":[{"name":"footright","transform":{"x":17.4,"y":-0.58,"skX":-173.51,"skY":-173.51}}]},{"name":"armleft","display":[{"name":"armleft","transform":{"x":10.34,"y":-0.66,"skX":-82,"skY":-82}}]},{"name":"armright 1","display":[{"name":"armright ","transform":{"x":16.78,"y":-6.76,"skX":-82,"skY":-82,"scX":0.9,"scY":0.9}}]},{"name":"qipao","display":[{"name":"qipao","transform":{"skX":180,"skY":180}}]},{"name":"handleftblack","display":[{"name":"handleftblack","transform":{"x":30.51,"y":-4.51,"skX":-86,"skY":-86}}]},{"name":"eyeleft","display":[{"name":"eyeleft","transform":{"skX":90.42,"skY":90.42}},{"name":"eye-1","transform":{"skX":104,"skY":104}},{"name":"meimao-xiao","transform":{"skX":97,"skY":97}}]},{"name":"armleftblack","display":[{"name":"armleftblack","transform":{"x":30.38,"y":-2.22,"skX":-82,"skY":-82}}]}]}],"animation":[{"duration":30,"playTimes":0,"name":"zhoulu","bone":[{"name":"body","translateFrame":[{"duration":5,"tweenEasing":0},{"duration":5,"tweenEasing":0,"y":-11.88},{"duration":5,"tweenEasing":0},{"duration":5,"tweenEasing":0,"y":-11.88},{"duration":5,"tweenEasing":0},{"duration":5,"tweenEasing":0,"y":-11.88},{"duration":0}]},{"name":"head","translateFrame":[{"duration":5,"tweenEasing":0},{"duration":5,"tweenEasing":0,"y":2.97},{"duration":5,"tweenEasing":0},{"duration":5,"tweenEasing":0,"y":2.97},{"duration":5,"tweenEasing":0},{"duration":5,"tweenEasing":0,"y":2.97},{"duration":0}]},{"name":"hairfront","translateFrame":[{"duration":30,"x":-10.42,"y":2.32}]},{"name":"hariback","translateFrame":[{"duration":30,"x":0.01,"y":-0.84}]},{"name":"browleft","translateFrame":[{"duration":2,"tweenEasing":0},{"duration":2,"tweenEasing":0,"x":-1.93,"y":-0.01},{"duration":26}],"rotateFrame":[{"duration":2,"tweenEasing":0},{"duration":2,"tweenEasing":0,"rotate":-8},{"duration":26}]},{"name":"browright","translateFrame":[{"duration":2,"tweenEasing":0},{"duration":2,"tweenEasing":0,"x":-7.73,"y":-0.06},{"duration":26}],"rotateFrame":[{"duration":2,"tweenEasing":0},{"duration":2,"tweenEasing":0,"rotate":2},{"duration":26}]},{"name":"eyeleft","scaleFrame":[{"duration":2,"tweenEasing":0},{"duration":2,"tweenEasing":0,"x":0.5},{"duration":26}]},{"name":"eyeright","scaleFrame":[{"duration":2,"tweenEasing":0},{"duration":2,"tweenEasing":0,"x":0.45},{"duration":26}]},{"name":"armright1","rotateFrame":[{"duration":5,"tweenEasing":0},{"duration":5,"tweenEasing":0,"rotate":45},{"duration":5,"tweenEasing":0},{"duration":5,"tweenEasing":0,"rotate":45},{"duration":5,"tweenEasing":0},{"duration":5,"tweenEasing":0,"rotate":45},{"duration":0}]},{"name":"armleft","rotateFrame":[{"duration":5,"tweenEasing":0},{"duration":5,"tweenEasing":0,"rotate":-26},{"duration":5,"tweenEasing":0},{"duration":5,"tweenEasing":0,"rotate":-26},{"duration":5,"tweenEasing":0},{"duration":5,"tweenEasing":0,"rotate":-26},{"duration":0}]},{"name":"right","translateFrame":[{"duration":5,"tweenEasing":0,"x":-11.25},{"duration":5,"tweenEasing":0,"x":21.06},{"duration":5,"tweenEasing":0,"x":-11.25},{"duration":5,"tweenEasing":0,"x":21.06},{"duration":5,"tweenEasing":0,"x":-11.25},{"duration":5,"tweenEasing":0,"x":21.06},{"duration":0,"x":-11.25}]},{"name":"left","translateFrame":[{"duration":5,"tweenEasing":0,"x":19.53,"y":1.49},{"duration":5,"tweenEasing":0,"x":-11.54,"y":-20.19},{"duration":5,"tweenEasing":0,"x":19.53,"y":1.49},{"duration":5,"tweenEasing":0,"x":-11.54,"y":-20.19},{"duration":5,"tweenEasing":0,"x":19.53,"y":1.49},{"duration":5,"tweenEasing":0,"x":-11.54,"y":-20.19},{"duration":0,"x":19.53,"y":1.49}]}]},{"duration":7,"playTimes":0,"name":"luoshui","bone":[{"name":"left","translateFrame":[{"duration":3,"tweenEasing":0,"x":-22.09,"y":13},{"duration":4,"tweenEasing":0,"x":49.63,"y":37.05},{"duration":0,"x":-22.09,"y":13}]},{"name":"right","translateFrame":[{"duration":3,"tweenEasing":0,"x":90.72,"y":20.04},{"duration":4,"tweenEasing":0,"x":2.62,"y":26.63},{"duration":0,"x":90.72,"y":20.04}]},{"name":"body","rotateFrame":[{"duration":4,"tweenEasing":0},{"duration":3,"tweenEasing":0,"rotate":10},{"duration":0}]},{"name":"armright1","rotateFrame":[{"duration":3,"tweenEasing":0,"rotate":-178},{"duration":4,"tweenEasing":0,"rotate":-122},{"duration":0,"rotate":-178}]},{"name":"head","rotateFrame":[{"duration":3,"tweenEasing":0},{"duration":4,"tweenEasing":0,"rotate":-7},{"duration":0}]},{"name":"armleft","rotateFrame":[{"duration":3,"tweenEasing":0,"rotate":120},{"duration":4,"tweenEasing":0,"rotate":76},{"duration":0,"rotate":120}]},{"name":"mouse","translateFrame":[{"duration":7,"x":-3.66,"y":-0.03}],"scaleFrame":[{"duration":3,"tweenEasing":0},{"duration":4,"tweenEasing":0,"x":0.6,"y":0.6},{"duration":0}]},{"name":"browleft","rotateFrame":[{"duration":7,"rotate":-59}]},{"name":"handleft_1","translateFrame":[{"duration":7,"x":2.53,"y":-6.22}],"rotateFrame":[{"duration":3,"tweenEasing":0,"rotate":-10},{"duration":4,"rotate":-8}]},{"name":"eyeright","translateFrame":[{"duration":7,"x":2.28,"y":-1.49}],"rotateFrame":[{"duration":7,"rotate":110}],"scaleFrame":[{"duration":7,"x":0.8,"y":0.8}]},{"name":"browright","rotateFrame":[{"duration":7,"rotate":38}]},{"name":"eyeleft","rotateFrame":[{"duration":7,"rotate":-24}],"scaleFrame":[{"duration":7,"x":0.8,"y":0.8}]}],"slot":[{"name":"eyeleft","displayFrame":[{"duration":7,"value":1}]},{"name":"eyeright","displayFrame":[{"duration":7,"value":1}]},{"name":"mouse","displayFrame":[{"duration":7,"value":1}]}]},{"duration":58,"playTimes":0,"name":"zhanli","bone":[{"name":"body","translateFrame":[{"duration":28,"tweenEasing":0},{"duration":30,"tweenEasing":0,"y":-1.02},{"duration":0}]},{"name":"head","translateFrame":[{"duration":28,"tweenEasing":0},{"duration":30,"tweenEasing":0,"y":2.97},{"duration":0}]},{"name":"hairfront","translateFrame":[{"duration":58,"x":-10.42,"y":2.32}]},{"name":"hariback","translateFrame":[{"duration":58,"x":0.01,"y":-0.84}]},{"name":"browleft","translateFrame":[{"duration":2,"tweenEasing":0},{"duration":2,"tweenEasing":0,"x":-1.93,"y":-0.01},{"duration":54}],"rotateFrame":[{"duration":2,"tweenEasing":0},{"duration":2,"tweenEasing":0,"rotate":-8},{"duration":54}]},{"name":"browright","translateFrame":[{"duration":2,"tweenEasing":0},{"duration":2,"tweenEasing":0,"x":-7.73,"y":-0.06},{"duration":54}],"rotateFrame":[{"duration":2,"tweenEasing":0},{"duration":2,"tweenEasing":0,"rotate":2},{"duration":54}]},{"name":"eyeleft","scaleFrame":[{"tweenEasing":0},{"tweenEasing":0,"x":0.5},{"tweenEasing":0},{"tweenEasing":0,"x":0.5},{"duration":54}]},{"name":"eyeright","scaleFrame":[{"tweenEasing":0},{"tweenEasing":0,"x":0.45},{"tweenEasing":0},{"tweenEasing":0,"x":0.45},{"duration":54}]},{"name":"armright1","translateFrame":[{"duration":28,"tweenEasing":0},{"duration":30,"tweenEasing":0,"y":-2},{"duration":0}],"rotateFrame":[{"duration":58,"rotate":23}]}]},{"duration":16,"playTimes":0,"name":"paoloading","bone":[{"name":"root","rotateFrame":[{"duration":16,"rotate":12}]},{"name":"body","translateFrame":[{"duration":3,"tweenEasing":0},{"duration":4,"tweenEasing":0,"x":5.72,"y":-48.28},{"duration":5,"curve":[0.5,0,1,1]},{"duration":4,"tweenEasing":0,"x":5.72,"y":-48.28},{"duration":0}]},{"name":"head","translateFrame":[{"duration":3,"tweenEasing":0},{"duration":4,"tweenEasing":0,"y":10.27},{"duration":5,"curve":[0.5,0,1,1]},{"duration":4,"tweenEasing":0,"y":10.27},{"duration":0}]},{"name":"hairfront","translateFrame":[{"duration":16,"x":-10.42,"y":2.32}]},{"name":"hariback","translateFrame":[{"duration":16,"x":0.01,"y":-0.84}]},{"name":"browleft","translateFrame":[{"duration":16,"x":8.66,"y":-39.3}],"rotateFrame":[{"duration":2,"tweenEasing":0},{"duration":2,"tweenEasing":0,"rotate":-8},{"duration":12}]},{"name":"browright","translateFrame":[{"duration":16,"x":-4.72,"y":-26.26}],"rotateFrame":[{"duration":2,"tweenEasing":0},{"duration":2,"tweenEasing":0,"rotate":2},{"duration":12}]},{"name":"eyeleft","translateFrame":[{"duration":16,"x":8.66,"y":-39.3}],"scaleFrame":[{"duration":2,"tweenEasing":0},{"duration":2,"tweenEasing":0,"x":0.5},{"duration":12}]},{"name":"eyeright","translateFrame":[{"duration":16,"x":-4.72,"y":-26.26}],"scaleFrame":[{"duration":2,"tweenEasing":0},{"duration":2,"tweenEasing":0,"x":0.45},{"duration":12}]},{"name":"armright1","rotateFrame":[{"duration":3,"tweenEasing":0,"rotate":-44},{"duration":4,"tweenEasing":0,"rotate":87},{"duration":5,"curve":[0.5,0,1,1],"rotate":-44},{"duration":4,"tweenEasing":0,"rotate":87},{"duration":0,"rotate":-44}]},{"name":"armleft","rotateFrame":[{"duration":3,"tweenEasing":0,"rotate":23},{"duration":4,"tweenEasing":0,"rotate":-26},{"duration":5,"curve":[0.5,0,1,1],"rotate":44},{"duration":4,"tweenEasing":0,"rotate":-26},{"duration":0,"rotate":44}]},{"name":"handright","rotateFrame":[{"duration":3,"tweenEasing":0},{"duration":4,"tweenEasing":0,"rotate":66},{"duration":5,"curve":[0.5,0,1,1]},{"duration":4,"tweenEasing":0,"rotate":66},{"duration":0}]},{"name":"handleft_1","translateFrame":[{"duration":7},{"duration":9,"x":-2.44,"y":-2.03}],"rotateFrame":[{"duration":16,"rotate":-2}]},{"name":"right","translateFrame":[{"duration":3,"tweenEasing":0,"x":-11.25},{"duration":4,"tweenEasing":0,"x":73.62,"y":-31.59},{"duration":5,"curve":[0.5,0,1,1],"x":-11.25},{"duration":4,"tweenEasing":0,"x":73.62,"y":-31.59},{"duration":0,"x":-11.25}]},{"name":"left","translateFrame":[{"duration":3,"tweenEasing":0,"x":19.53,"y":1.49},{"duration":4,"tweenEasing":0,"x":-22.59,"y":-86.74},{"duration":5,"curve":[0.5,0,1,1],"x":49.08,"y":7.77},{"duration":4,"tweenEasing":0,"x":-22.59,"y":-86.74},{"duration":0,"x":49.08,"y":7.77}]},{"name":"nouse","translateFrame":[{"duration":16,"x":2.14,"y":-47.86}]}]},{"duration":30,"playTimes":0,"name":"naotou_bak","bone":[{"name":"body","translateFrame":[{"duration":15,"tweenEasing":0},{"duration":15,"tweenEasing":0,"y":1.98},{"duration":0}]},{"name":"head","rotateFrame":[{"duration":10},{"duration":2,"tweenEasing":0},{"duration":3,"tweenEasing":0,"rotate":-1.58},{"duration":3,"tweenEasing":0},{"duration":3,"tweenEasing":0,"rotate":-1.58},{"duration":9}]},{"name":"hairfront","translateFrame":[{"duration":30,"x":-10.42,"y":2.32}]},{"name":"hariback","translateFrame":[{"duration":30,"x":0.01,"y":-0.84}]},{"name":"browleft","translateFrame":[{"duration":10},{"duration":2,"tweenEasing":0},{"duration":2,"tweenEasing":0,"x":-1.93,"y":-0.01},{"duration":16}],"rotateFrame":[{"duration":10},{"duration":2,"tweenEasing":0},{"duration":2,"tweenEasing":0,"rotate":-8},{"duration":16}]},{"name":"browright","translateFrame":[{"duration":10},{"duration":2,"tweenEasing":0},{"duration":2,"tweenEasing":0,"x":-7.73,"y":-0.06},{"duration":16}],"rotateFrame":[{"duration":10},{"duration":2,"tweenEasing":0},{"duration":2,"tweenEasing":0,"rotate":2},{"duration":16}]},{"name":"eyeleft","scaleFrame":[{"duration":10},{"tweenEasing":0},{"tweenEasing":0,"x":0.5},{"tweenEasing":0},{"tweenEasing":0,"x":0.5},{"duration":16}]},{"name":"eyeright","scaleFrame":[{"duration":10},{"tweenEasing":0},{"tweenEasing":0,"x":0.45},{"tweenEasing":0},{"tweenEasing":0,"x":0.45},{"duration":16}]},{"name":"armright1","rotateFrame":[{"duration":9,"tweenEasing":0,"rotate":23},{"duration":3,"tweenEasing":0,"rotate":168},{"duration":3,"tweenEasing":0,"rotate":-140},{"duration":3,"tweenEasing":0,"rotate":-155},{"duration":3,"tweenEasing":0,"rotate":-140},{"duration":3,"tweenEasing":0,"rotate":-155},{"duration":6,"tweenEasing":0,"rotate":153.33},{"duration":0,"rotate":23}]}],"slot":[{"name":"mouse","displayFrame":[{"duration":10},{"duration":20,"value":2}]}]},{"duration":28,"playTimes":0,"name":"tiao","bone":[{"name":"left","translateFrame":[{"duration":3,"tweenEasing":0},{"duration":10,"tweenEasing":0},{"duration":6,"tweenEasing":0,"x":-84.64,"y":-99.89},{"duration":9}]},{"name":"right","translateFrame":[{"duration":3,"tweenEasing":0},{"duration":10,"tweenEasing":0},{"duration":3,"tweenEasing":0,"x":35.73,"y":-58.25},{"duration":3,"tweenEasing":0,"x":-48.33,"y":-54.12},{"duration":9}]},{"name":"body","translateFrame":[{"duration":3,"tweenEasing":0},{"duration":10,"tweenEasing":0,"x":-33.96,"y":28.03},{"duration":6,"tweenEasing":0,"x":-61.77,"y":-64.1},{"duration":3,"tweenEasing":0},{"duration":3,"tweenEasing":0,"x":-55.1,"y":25},{"duration":3,"curve":[0,0,0.5,1],"x":2.08,"y":-8.33},{"duration":0}],"rotateFrame":[{"duration":3},{"duration":19,"tweenEasing":0,"rotate":-2},{"duration":3,"tweenEasing":0,"rotate":-10},{"duration":3,"rotate":-2}],"scaleFrame":[{"duration":3,"tweenEasing":0},{"duration":10,"tweenEasing":0,"y":0.98},{"duration":15}]},{"name":"armright1","rotateFrame":[{"duration":3,"tweenEasing":0},{"duration":6,"tweenEasing":0,"rotate":-52},{"duration":2,"tweenEasing":0,"rotate":82},{"duration":2,"tweenEasing":0,"rotate":112},{"duration":2,"tweenEasing":0,"rotate":175},{"duration":10,"tweenEasing":0,"rotate":57},{"duration":3}]},{"name":"head","rotateFrame":[{"duration":3,"tweenEasing":0},{"duration":10,"tweenEasing":0,"rotate":-11},{"duration":15}]},{"name":"legleft","translateFrame":[{"duration":3,"tweenEasing":0},{"duration":10,"tweenEasing":0,"x":0.52,"y":-14.89},{"duration":15}]},{"name":"legright","translateFrame":[{"duration":3,"tweenEasing":0},{"duration":10,"tweenEasing":0,"x":0.44,"y":-12.65},{"duration":15}]},{"name":"armleft","rotateFrame":[{"duration":3,"tweenEasing":0},{"duration":6,"tweenEasing":0,"rotate":-43},{"duration":2,"tweenEasing":0,"rotate":39},{"duration":2,"tweenEasing":0,"rotate":76},{"duration":2,"tweenEasing":0,"rotate":103},{"duration":13}]},{"name":"handleft_1","rotateFrame":[{"duration":3,"tweenEasing":0},{"duration":10,"tweenEasing":0},{"duration":6,"tweenEasing":0,"rotate":15},{"duration":9}]},{"name":"handright","rotateFrame":[{"duration":3,"tweenEasing":0},{"duration":10,"tweenEasing":0},{"duration":6,"tweenEasing":0,"rotate":4},{"duration":9}]},{"name":"browleft","rotateFrame":[{"duration":3,"tweenEasing":0,"rotate":21},{"duration":12,"tweenEasing":0,"rotate":-19},{"duration":13}]},{"name":"browright","rotateFrame":[{"duration":3,"tweenEasing":0,"rotate":-20},{"duration":12,"tweenEasing":0,"rotate":16},{"duration":13}]}]},{"duration":20,"playTimes":0,"name":"tiao_heye","bone":[{"name":"left","translateFrame":[{"duration":5,"tweenEasing":0},{"duration":8,"tweenEasing":0},{"duration":7,"tweenEasing":0,"x":5.15,"y":-28.32},{"duration":0}]},{"name":"right","translateFrame":[{"duration":5,"tweenEasing":0},{"duration":8,"tweenEasing":0},{"duration":7,"tweenEasing":0,"y":-33.67},{"duration":0}]},{"name":"body","translateFrame":[{"duration":5,"tweenEasing":0},{"duration":8,"tweenEasing":0,"y":13.66},{"duration":7,"tweenEasing":0,"y":-49.52},{"duration":0}],"rotateFrame":[{"duration":5},{"duration":15,"rotate":-2}],"scaleFrame":[{"duration":5,"tweenEasing":0},{"duration":8,"tweenEasing":0,"y":0.98},{"duration":7}]},{"name":"armright1","rotateFrame":[{"duration":5,"tweenEasing":0},{"duration":8,"tweenEasing":0},{"duration":7,"tweenEasing":0,"rotate":82},{"duration":0}]},{"name":"head","rotateFrame":[{"duration":5,"tweenEasing":0},{"duration":8,"tweenEasing":0,"rotate":-11},{"duration":7}]},{"name":"legleft","translateFrame":[{"duration":5,"tweenEasing":0},{"duration":8,"tweenEasing":0,"x":0.52,"y":-14.89},{"duration":7}]},{"name":"legright","translateFrame":[{"duration":5,"tweenEasing":0},{"duration":8,"tweenEasing":0,"x":0.44,"y":-12.65},{"duration":7}]},{"name":"armleft","rotateFrame":[{"duration":5,"tweenEasing":0},{"duration":8,"tweenEasing":0},{"duration":7,"tweenEasing":0,"rotate":39},{"duration":0}]},{"name":"handleft_1","rotateFrame":[{"duration":5,"tweenEasing":0},{"duration":8,"tweenEasing":0},{"duration":7,"tweenEasing":0,"rotate":15},{"duration":0}]},{"name":"handright","rotateFrame":[{"duration":5,"tweenEasing":0},{"duration":8,"tweenEasing":0},{"duration":7,"tweenEasing":0,"rotate":4},{"duration":0}]},{"name":"browleft","rotateFrame":[{"duration":5,"tweenEasing":0,"rotate":21},{"duration":10,"tweenEasing":0,"rotate":-19},{"duration":5}]},{"name":"browright","rotateFrame":[{"duration":5,"tweenEasing":0,"rotate":-20},{"duration":10,"tweenEasing":0,"rotate":16},{"duration":5}]}]},{"duration":56,"playTimes":0,"name":"naotou","bone":[{"name":"body","translateFrame":[{"duration":21,"tweenEasing":0},{"duration":17,"tweenEasing":0,"y":1.98},{"duration":18,"tweenEasing":0,"y":1.98},{"duration":0}]},{"name":"head","rotateFrame":[{"duration":14},{"duration":3,"tweenEasing":0},{"duration":4,"tweenEasing":0,"rotate":-1.58},{"duration":4,"tweenEasing":0},{"duration":6,"tweenEasing":0,"rotate":-1.58},{"duration":3,"tweenEasing":0},{"duration":4,"tweenEasing":0,"rotate":-1.58},{"duration":4,"tweenEasing":0},{"duration":6,"tweenEasing":0,"rotate":-1.58},{"duration":8}]},{"name":"hairfront","translateFrame":[{"duration":56,"x":-10.42,"y":2.32}]},{"name":"hariback","translateFrame":[{"duration":56,"x":0.01,"y":-0.84}]},{"name":"browleft","translateFrame":[{"duration":14},{"duration":3,"tweenEasing":0},{"duration":3,"tweenEasing":0,"x":-1.93,"y":-0.01},{"duration":11,"tweenEasing":0},{"duration":3,"tweenEasing":0},{"duration":2,"tweenEasing":0,"x":-1.93,"y":-0.01},{"duration":20}],"rotateFrame":[{"duration":14},{"duration":3,"tweenEasing":0},{"duration":3,"tweenEasing":0,"rotate":-8},{"duration":11,"tweenEasing":0},{"duration":3,"tweenEasing":0},{"duration":2,"tweenEasing":0,"rotate":-8},{"duration":20}]},{"name":"browright","translateFrame":[{"duration":14},{"duration":3,"tweenEasing":0},{"duration":3,"tweenEasing":0,"x":-7.73,"y":-0.06},{"duration":11,"tweenEasing":0},{"duration":3,"tweenEasing":0},{"duration":2,"tweenEasing":0,"x":-7.73,"y":-0.06},{"duration":20}],"rotateFrame":[{"duration":14},{"duration":3,"tweenEasing":0},{"duration":3,"tweenEasing":0,"rotate":2},{"duration":11,"tweenEasing":0},{"duration":3,"tweenEasing":0},{"duration":2,"tweenEasing":0,"rotate":2},{"duration":20}]},{"name":"eyeleft","scaleFrame":[{"duration":14},{"tweenEasing":0},{"duration":2,"tweenEasing":0,"x":0.5},{"tweenEasing":0},{"duration":2,"tweenEasing":0,"x":0.5},{"duration":11,"tweenEasing":0},{"tweenEasing":0},{"duration":2,"tweenEasing":0,"x":0.5},{"tweenEasing":0},{"tweenEasing":0,"x":0.5},{"duration":20}]},{"name":"eyeright","scaleFrame":[{"duration":14},{"tweenEasing":0},{"duration":2,"tweenEasing":0,"x":0.45},{"tweenEasing":0},{"duration":2,"tweenEasing":0,"x":0.45},{"duration":11,"tweenEasing":0},{"tweenEasing":0},{"duration":2,"tweenEasing":0,"x":0.45},{"tweenEasing":0},{"tweenEasing":0,"x":0.45},{"duration":20}]},{"name":"armright1","rotateFrame":[{"duration":13,"tweenEasing":0,"rotate":23},{"duration":4,"tweenEasing":0,"rotate":168},{"duration":4,"tweenEasing":0,"rotate":-140},{"duration":4,"tweenEasing":0,"rotate":-155},{"duration":4,"tweenEasing":0,"rotate":-140},{"duration":5,"tweenEasing":0,"rotate":168},{"duration":4,"tweenEasing":0,"rotate":-140},{"duration":4,"tweenEasing":0,"rotate":-155},{"duration":6,"tweenEasing":0,"rotate":-140},{"duration":4,"tweenEasing":0,"rotate":-155},{"duration":4,"tweenEasing":0,"rotate":153.33},{"duration":0,"rotate":23}]}],"slot":[{"name":"mouse","displayFrame":[{"duration":14},{"duration":42,"value":2}]}]},{"duration":65,"playTimes":0,"name":"zhizhuwang","bone":[{"name":"body","rotateFrame":[{"duration":8,"tweenEasing":0},{"duration":4,"tweenEasing":0},{"duration":3,"tweenEasing":0,"rotate":10},{"duration":5,"tweenEasing":0},{"duration":3,"tweenEasing":0,"rotate":10},{"duration":5,"tweenEasing":0},{"tweenEasing":0},{"duration":3,"tweenEasing":0,"rotate":10},{"duration":5,"tweenEasing":0},{"duration":3,"tweenEasing":0,"rotate":10},{"duration":6,"tweenEasing":0},{"duration":3,"tweenEasing":0,"rotate":10},{"duration":4,"tweenEasing":0},{"duration":3,"tweenEasing":0,"rotate":10},{"duration":9}]},{"name":"armright1","rotateFrame":[{"duration":8,"tweenEasing":0},{"duration":3,"tweenEasing":0,"rotate":-178},{"duration":4,"tweenEasing":0,"rotate":-122},{"duration":4,"tweenEasing":0,"rotate":-178},{"duration":4,"tweenEasing":0,"rotate":-122},{"duration":5,"tweenEasing":0,"rotate":-178},{"duration":4,"tweenEasing":0,"rotate":-122},{"duration":4,"tweenEasing":0,"rotate":-178},{"duration":4,"tweenEasing":0,"rotate":-122},{"duration":5,"tweenEasing":0,"rotate":-178},{"duration":4,"tweenEasing":0,"rotate":-122},{"duration":3,"tweenEasing":0,"rotate":-178},{"duration":4,"tweenEasing":0,"rotate":-122},{"duration":9,"rotate":-178}]},{"name":"head","rotateFrame":[{"duration":8,"tweenEasing":0},{"duration":3,"tweenEasing":0},{"duration":4,"tweenEasing":0,"rotate":-7},{"duration":4,"tweenEasing":0},{"duration":4,"tweenEasing":0,"rotate":-7},{"duration":5,"tweenEasing":0},{"duration":4,"tweenEasing":0,"rotate":-7},{"duration":4,"tweenEasing":0},{"duration":4,"tweenEasing":0,"rotate":-7},{"duration":5,"tweenEasing":0},{"duration":4,"tweenEasing":0,"rotate":-7},{"duration":3,"tweenEasing":0},{"duration":4,"tweenEasing":0,"rotate":-7},{"duration":9}]},{"name":"armleft","rotateFrame":[{"duration":8},{"duration":3,"tweenEasing":0,"rotate":120},{"duration":4,"tweenEasing":0,"rotate":76},{"duration":4,"tweenEasing":0,"rotate":120},{"duration":4,"tweenEasing":0,"rotate":76},{"duration":5,"tweenEasing":0,"rotate":120},{"duration":4,"tweenEasing":0,"rotate":76},{"duration":4,"tweenEasing":0,"rotate":120},{"duration":4,"tweenEasing":0,"rotate":76},{"duration":5,"tweenEasing":0,"rotate":120},{"duration":4,"tweenEasing":0,"rotate":76},{"duration":3,"tweenEasing":0,"rotate":120},{"duration":4,"tweenEasing":0,"rotate":76},{"duration":9,"rotate":120}]},{"name":"mouse","translateFrame":[{"duration":8},{"duration":57,"x":-3.66,"y":-0.03}],"scaleFrame":[{"duration":8},{"duration":3,"tweenEasing":0},{"duration":4,"tweenEasing":0,"x":0.6,"y":0.6},{"duration":4,"tweenEasing":0},{"duration":4,"tweenEasing":0,"x":0.6,"y":0.6},{"duration":5,"tweenEasing":0},{"duration":4,"tweenEasing":0,"x":0.6,"y":0.6},{"duration":4,"tweenEasing":0},{"duration":4,"tweenEasing":0,"x":0.6,"y":0.6},{"duration":5,"tweenEasing":0},{"duration":4,"tweenEasing":0,"x":0.6,"y":0.6},{"duration":3,"tweenEasing":0},{"duration":4,"tweenEasing":0,"x":0.6,"y":0.6},{"duration":9}]},{"name":"browleft","rotateFrame":[{"duration":8},{"duration":57,"rotate":-59}]},{"name":"handleft_1","translateFrame":[{"duration":8},{"duration":57,"x":2.53,"y":-6.22}],"rotateFrame":[{"duration":8},{"duration":3,"tweenEasing":0,"rotate":-10},{"duration":54,"rotate":-8}]},{"name":"eyeright","translateFrame":[{"duration":8},{"duration":57,"x":2.28,"y":-1.49}],"rotateFrame":[{"duration":8},{"duration":57,"rotate":110}],"scaleFrame":[{"duration":8},{"duration":57,"x":0.8,"y":0.8}]},{"name":"browright","rotateFrame":[{"duration":8},{"duration":57,"rotate":38}]},{"name":"eyeleft","rotateFrame":[{"duration":8},{"duration":57,"rotate":-24}],"scaleFrame":[{"duration":8},{"duration":57,"x":0.8,"y":0.8}]},{"name":"wang","translateFrame":[{"duration":8,"tweenEasing":0,"x":-357.03,"y":-391.63},{"duration":57,"x":86.48,"y":-11.79}],"rotateFrame":[{"duration":65,"rotate":-10}],"scaleFrame":[{"duration":8,"tweenEasing":0,"x":0.25,"y":0.25},{"duration":6,"tweenEasing":0},{"duration":8,"tweenEasing":0,"x":1.1,"y":1.1},{"duration":6,"tweenEasing":0},{"duration":7,"tweenEasing":0,"x":1.1,"y":1.1},{"duration":7,"tweenEasing":0},{"duration":7,"tweenEasing":0,"x":1.1,"y":1.1},{"duration":7,"tweenEasing":0},{"duration":8,"tweenEasing":0,"x":1.1,"y":1.1},{}]}],"slot":[{"name":"eyeleft","displayFrame":[{"duration":8},{"duration":57,"value":1}]},{"name":"eyeright","displayFrame":[{"duration":8},{"duration":57,"value":1}]},{"name":"mouse","displayFrame":[{"duration":8},{"duration":57,"value":1}]},{"name":"zhizhusi","displayFrame":[{"duration":65}],"colorFrame":[{"duration":49},{"duration":16,"tweenEasing":0},{"duration":0,"value":{"aM":0}}]}]},{"duration":13,"playTimes":0,"name":"tiao_shang","bone":[{"name":"left","translateFrame":[{"duration":3,"tweenEasing":0},{"duration":10,"tweenEasing":0},{"duration":0,"x":-84.64,"y":-99.89}]},{"name":"right","translateFrame":[{"duration":3,"tweenEasing":0},{"duration":10,"tweenEasing":0},{"duration":0,"x":35.73,"y":-58.25}]},{"name":"body","translateFrame":[{"duration":3,"tweenEasing":0},{"duration":10,"tweenEasing":0,"x":-33.96,"y":28.03},{"duration":0,"x":-61.77,"y":-64.1}],"rotateFrame":[{"duration":3},{"duration":10,"rotate":-2}],"scaleFrame":[{"duration":3,"tweenEasing":0},{"duration":10,"tweenEasing":0,"y":0.98},{"duration":0}]},{"name":"armright1","rotateFrame":[{"duration":3,"tweenEasing":0},{"duration":6,"tweenEasing":0,"rotate":-52},{"duration":2,"tweenEasing":0,"rotate":82},{"duration":2,"tweenEasing":0,"rotate":112},{"duration":0,"rotate":175}]},{"name":"head","rotateFrame":[{"duration":3,"tweenEasing":0},{"duration":10,"tweenEasing":0,"rotate":-11},{"duration":0}]},{"name":"legleft","translateFrame":[{"duration":3,"tweenEasing":0},{"duration":10,"tweenEasing":0,"x":0.52,"y":-14.89},{"duration":0}]},{"name":"legright","translateFrame":[{"duration":3,"tweenEasing":0},{"duration":10,"tweenEasing":0,"x":0.44,"y":-12.65},{"duration":0}]},{"name":"armleft","rotateFrame":[{"duration":3,"tweenEasing":0},{"duration":6,"tweenEasing":0,"rotate":-43},{"duration":2,"tweenEasing":0,"rotate":39},{"duration":2,"tweenEasing":0,"rotate":76},{"duration":0,"rotate":103}]},{"name":"handleft_1","rotateFrame":[{"duration":3,"tweenEasing":0},{"duration":10,"tweenEasing":0},{"duration":0,"rotate":15}]},{"name":"handright","rotateFrame":[{"duration":3,"tweenEasing":0},{"duration":10,"tweenEasing":0},{"duration":0,"rotate":4}]},{"name":"browleft","rotateFrame":[{"duration":3,"tweenEasing":0,"rotate":21},{"duration":10,"rotate":-19}]},{"name":"browright","rotateFrame":[{"duration":3,"tweenEasing":0,"rotate":-20},{"duration":10,"rotate":16}]}]},{"duration":9,"playTimes":0,"name":"tiao_xia","bone":[{"name":"body","translateFrame":[{"duration":3,"tweenEasing":0},{"duration":3,"tweenEasing":0,"x":-55.1,"y":25},{"duration":3,"curve":[0,0,0.5,1],"x":2.08,"y":-8.33},{"duration":0}],"rotateFrame":[{"duration":3},{"duration":3,"tweenEasing":0,"rotate":-10},{"duration":3,"rotate":-2}]}]},{"duration":50,"playTimes":0,"name":"mifengzhe","bone":[{"name":"body","translateFrame":[{"duration":15,"tweenEasing":0},{"duration":17,"tweenEasing":0,"y":1.98},{"duration":18,"tweenEasing":0,"y":1.98},{"duration":0}],"rotateFrame":[{"duration":5,"tweenEasing":0},{"duration":4,"tweenEasing":0,"rotate":12},{"duration":41}]},{"name":"head","rotateFrame":[{"duration":8},{"duration":3,"tweenEasing":0},{"duration":4,"tweenEasing":0,"rotate":-1.58},{"duration":4,"tweenEasing":0},{"duration":6,"tweenEasing":0,"rotate":-1.58},{"duration":3,"tweenEasing":0},{"duration":4,"tweenEasing":0,"rotate":-1.58},{"duration":4,"tweenEasing":0},{"duration":6,"tweenEasing":0,"rotate":-1.58},{"duration":8}]},{"name":"hairfront","translateFrame":[{"duration":50,"x":-10.42,"y":2.32}]},{"name":"hariback","translateFrame":[{"duration":50,"x":0.01,"y":-0.84}]},{"name":"browleft","translateFrame":[{"duration":8},{"duration":3,"tweenEasing":0},{"duration":3,"tweenEasing":0,"x":-1.93,"y":-0.01},{"duration":11,"tweenEasing":0},{"duration":3,"tweenEasing":0},{"duration":2,"tweenEasing":0,"x":-1.93,"y":-0.01},{"duration":20}],"rotateFrame":[{"duration":8},{"duration":3,"tweenEasing":0},{"duration":3,"tweenEasing":0,"rotate":-8},{"duration":11,"tweenEasing":0},{"duration":3,"tweenEasing":0},{"duration":2,"tweenEasing":0,"rotate":-8},{"duration":20}]},{"name":"browright","translateFrame":[{"duration":8},{"duration":3,"tweenEasing":0},{"duration":3,"tweenEasing":0,"x":-7.73,"y":-0.06},{"duration":11,"tweenEasing":0},{"duration":3,"tweenEasing":0},{"duration":2,"tweenEasing":0,"x":-7.73,"y":-0.06},{"duration":20}],"rotateFrame":[{"duration":8},{"duration":3,"tweenEasing":0},{"duration":3,"tweenEasing":0,"rotate":2},{"duration":11,"tweenEasing":0},{"duration":3,"tweenEasing":0},{"duration":2,"tweenEasing":0,"rotate":2},{"duration":20}]},{"name":"eyeleft","scaleFrame":[{"duration":8},{"tweenEasing":0},{"duration":2,"tweenEasing":0,"x":0.5},{"tweenEasing":0},{"duration":2,"tweenEasing":0,"x":0.5},{"duration":11,"tweenEasing":0},{"tweenEasing":0},{"duration":2,"tweenEasing":0,"x":0.5},{"tweenEasing":0},{"tweenEasing":0,"x":0.5},{"duration":20}]},{"name":"eyeright","scaleFrame":[{"duration":8},{"tweenEasing":0},{"duration":2,"tweenEasing":0,"x":0.45},{"tweenEasing":0},{"duration":2,"tweenEasing":0,"x":0.45},{"duration":11,"tweenEasing":0},{"tweenEasing":0},{"duration":2,"tweenEasing":0,"x":0.45},{"tweenEasing":0},{"tweenEasing":0,"x":0.45},{"duration":20}]},{"name":"armright1","rotateFrame":[{"duration":7,"tweenEasing":0,"rotate":23},{"duration":4,"tweenEasing":0,"rotate":168},{"duration":4,"tweenEasing":0,"rotate":-140},{"duration":4,"tweenEasing":0,"rotate":-155},{"duration":4,"tweenEasing":0,"rotate":-140},{"duration":5,"tweenEasing":0,"rotate":168},{"duration":4,"tweenEasing":0,"rotate":-140},{"duration":4,"tweenEasing":0,"rotate":-155},{"duration":6,"tweenEasing":0,"rotate":-140},{"duration":4,"tweenEasing":0,"rotate":-155},{"duration":4,"tweenEasing":0,"rotate":153.33},{"duration":0,"rotate":23}]},{"name":"baobao","translateFrame":[{"duration":5},{"duration":45,"x":-5.88,"y":17.5}],"scaleFrame":[{"duration":5},{"duration":10,"curve":[0,0,0.5825242718446602,1.7228915662650603],"x":0.2,"y":0.2},{"duration":35}]},{"name":"qipao","scaleFrame":[{"duration":2},{"duration":6,"curve":[0,0,0.6019417475728155,1.6686746987951808],"x":0.35,"y":0.35},{"duration":42}]}],"slot":[{"name":"eyeleft","displayFrame":[{"duration":8},{"duration":42,"value":1}]},{"name":"eyeright","displayFrame":[{"duration":8},{"duration":42,"value":1}]},{"name":"mouse","displayFrame":[{"duration":8},{"duration":42,"value":2}]},{"name":"baobao","displayFrame":[{"duration":8,"value":-1},{"duration":42}]},{"name":"qipao","displayFrame":[{"duration":2,"value":-1},{"duration":8},{"duration":40,"value":-1}]}]},{"duration":50,"playTimes":0,"name":"huoba_gongji","bone":[{"name":"body","rotateFrame":[{"duration":13},{"duration":6,"tweenEasing":0},{"duration":5,"tweenEasing":0,"rotate":-4},{"duration":7,"tweenEasing":0},{"duration":3,"tweenEasing":0,"rotate":-4},{"duration":16}]},{"name":"head","rotateFrame":[{"duration":10,"tweenEasing":0},{"duration":11,"tweenEasing":0,"rotate":5},{"duration":29}]},{"name":"hairfront","translateFrame":[{"duration":50,"x":-10.42,"y":2.32}]},{"name":"hariback","translateFrame":[{"duration":50,"x":0.01,"y":-0.84}]},{"name":"browleft","translateFrame":[{"duration":5,"tweenEasing":0},{"duration":6,"tweenEasing":0,"x":-1.93,"y":-0.01},{"duration":39}],"rotateFrame":[{"duration":5,"tweenEasing":0},{"duration":6,"tweenEasing":0,"rotate":-8},{"duration":39}]},{"name":"browright","translateFrame":[{"duration":5,"tweenEasing":0},{"duration":6,"tweenEasing":0,"x":-7.73,"y":-0.06},{"duration":39}],"rotateFrame":[{"duration":5,"tweenEasing":0},{"duration":6,"tweenEasing":0,"rotate":2},{"duration":39}]},{"name":"eyeleft","scaleFrame":[{"duration":3,"tweenEasing":0},{"duration":2,"tweenEasing":0,"x":0.5},{"duration":3,"tweenEasing":0},{"duration":3,"tweenEasing":0,"x":0.5},{"duration":39}]},{"name":"eyeright","scaleFrame":[{"duration":3,"tweenEasing":0},{"duration":2,"tweenEasing":0,"x":0.45},{"duration":3,"tweenEasing":0},{"duration":3,"tweenEasing":0,"x":0.45},{"duration":39}]},{"name":"armright1","rotateFrame":[{"duration":4,"tweenEasing":0,"rotate":23},{"duration":7,"curve":[0,0,0.5,1],"rotate":112},{"duration":7,"tweenEasing":0,"rotate":23},{"duration":6,"curve":[0,0,0.5,1],"rotate":58},{"duration":8,"tweenEasing":0,"rotate":23},{"duration":7,"curve":[0,0,0.5,1],"rotate":58},{"duration":11,"rotate":23}]},{"name":"huoba","translateFrame":[{"duration":12,"tweenEasing":0,"x":-6.45,"y":4.94},{"duration":5,"tweenEasing":0,"x":-6.45,"y":4.94},{"duration":6,"tweenEasing":0,"x":53.52,"y":49.63},{"duration":6,"tweenEasing":0,"x":-6.45,"y":4.94},{"duration":6,"tweenEasing":0,"x":53.52,"y":49.63},{"duration":15,"x":-6.45,"y":4.94}],"rotateFrame":[{"duration":12},{"duration":5,"tweenEasing":0},{"duration":6,"tweenEasing":0,"rotate":-35},{"duration":6,"tweenEasing":0},{"duration":6,"tweenEasing":0,"rotate":-35},{"duration":15}],"scaleFrame":[{"duration":9},{"duration":4,"tweenEasing":0},{"duration":10,"tweenEasing":0,"x":1.3,"y":1.3},{"duration":6,"tweenEasing":0},{"duration":6,"tweenEasing":0,"x":1.3,"y":1.3},{"duration":15}]},{"name":"huobamugun","translateFrame":[{"duration":50,"x":87.95,"y":6.95}],"scaleFrame":[{"duration":50,"x":2.3,"y":2.3}]}],"slot":[{"name":"mouse","displayFrame":[{"duration":9},{"duration":10,"value":1},{"duration":31}]},{"name":"mubang","displayFrame":[{"duration":50}],"colorFrame":[{"duration":37},{"duration":13,"tweenEasing":0},{"duration":0,"value":{"aM":0}}]},{"name":"huoba","displayFrame":[{"duration":50}],"colorFrame":[{"duration":37},{"duration":13,"tweenEasing":0},{"duration":0,"value":{"aM":0}}]}]},{"duration":30,"playTimes":0,"name":"huoba_zoulu","bone":[{"name":"body","translateFrame":[{"duration":5,"tweenEasing":0},{"duration":5,"tweenEasing":0,"y":-11.88},{"duration":5,"tweenEasing":0},{"duration":5,"tweenEasing":0,"y":-11.88},{"duration":5,"tweenEasing":0},{"duration":5,"tweenEasing":0,"y":-11.88},{"duration":0}]},{"name":"head","translateFrame":[{"duration":5,"tweenEasing":0},{"duration":5,"tweenEasing":0,"y":2.97},{"duration":5,"tweenEasing":0},{"duration":5,"tweenEasing":0,"y":2.97},{"duration":5,"tweenEasing":0},{"duration":5,"tweenEasing":0,"y":2.97},{"duration":0}]},{"name":"hairfront","translateFrame":[{"duration":30,"x":-10.42,"y":2.32}]},{"name":"hariback","translateFrame":[{"duration":30,"x":0.01,"y":-0.84}]},{"name":"browleft","translateFrame":[{"duration":2,"tweenEasing":0},{"duration":2,"tweenEasing":0,"x":-1.93,"y":-0.01},{"duration":26}],"rotateFrame":[{"duration":2,"tweenEasing":0},{"duration":2,"tweenEasing":0,"rotate":-8},{"duration":26}]},{"name":"browright","translateFrame":[{"duration":2,"tweenEasing":0},{"duration":2,"tweenEasing":0,"x":-7.73,"y":-0.06},{"duration":26}],"rotateFrame":[{"duration":2,"tweenEasing":0},{"duration":2,"tweenEasing":0,"rotate":2},{"duration":26}]},{"name":"eyeleft","scaleFrame":[{"duration":2,"tweenEasing":0},{"duration":2,"tweenEasing":0,"x":0.5},{"duration":26}]},{"name":"eyeright","scaleFrame":[{"duration":2,"tweenEasing":0},{"duration":2,"tweenEasing":0,"x":0.45},{"duration":26}]},{"name":"armright1","rotateFrame":[{"duration":5,"tweenEasing":0},{"duration":5,"tweenEasing":0,"rotate":45},{"duration":5,"tweenEasing":0},{"duration":5,"tweenEasing":0,"rotate":45},{"duration":5,"tweenEasing":0},{"duration":5,"tweenEasing":0,"rotate":45},{"duration":0}]},{"name":"armleft","rotateFrame":[{"duration":5,"tweenEasing":0},{"duration":5,"tweenEasing":0,"rotate":-26},{"duration":5,"tweenEasing":0},{"duration":5,"tweenEasing":0,"rotate":-26},{"duration":5,"tweenEasing":0},{"duration":5,"tweenEasing":0,"rotate":-26},{"duration":0}]},{"name":"right","translateFrame":[{"duration":5,"tweenEasing":0,"x":-11.25},{"duration":5,"tweenEasing":0,"x":21.06},{"duration":5,"tweenEasing":0,"x":-11.25},{"duration":5,"tweenEasing":0,"x":21.06},{"duration":5,"tweenEasing":0,"x":-11.25},{"duration":5,"tweenEasing":0,"x":21.06},{"duration":0,"x":-11.25}]},{"name":"left","translateFrame":[{"duration":5,"tweenEasing":0,"x":19.53,"y":1.49},{"duration":5,"tweenEasing":0,"x":-11.54,"y":-20.19},{"duration":5,"tweenEasing":0,"x":19.53,"y":1.49},{"duration":5,"tweenEasing":0,"x":-11.54,"y":-20.19},{"duration":5,"tweenEasing":0,"x":19.53,"y":1.49},{"duration":5,"tweenEasing":0,"x":-11.54,"y":-20.19},{"duration":0,"x":19.53,"y":1.49}]}],"slot":[{"name":"mubang","displayFrame":[{"duration":30}]},{"name":"huoba","displayFrame":[{"duration":30}]}]},{"duration":30,"playTimes":0,"name":"futou_zoulu","bone":[{"name":"body","translateFrame":[{"duration":5,"tweenEasing":0},{"duration":5,"tweenEasing":0,"y":-11.88},{"duration":5,"tweenEasing":0},{"duration":5,"tweenEasing":0,"y":-11.88},{"duration":5,"tweenEasing":0},{"duration":5,"tweenEasing":0,"y":-11.88},{"duration":0}]},{"name":"head","translateFrame":[{"duration":5,"tweenEasing":0},{"duration":5,"tweenEasing":0,"y":2.97},{"duration":5,"tweenEasing":0},{"duration":5,"tweenEasing":0,"y":2.97},{"duration":5,"tweenEasing":0},{"duration":5,"tweenEasing":0,"y":2.97},{"duration":0}]},{"name":"hairfront","translateFrame":[{"duration":30,"x":-10.42,"y":2.32}]},{"name":"hariback","translateFrame":[{"duration":30,"x":0.01,"y":-0.84}]},{"name":"browleft","translateFrame":[{"duration":2,"tweenEasing":0},{"duration":2,"tweenEasing":0,"x":-1.93,"y":-0.01},{"duration":26}],"rotateFrame":[{"duration":2,"tweenEasing":0},{"duration":2,"tweenEasing":0,"rotate":-8},{"duration":26}]},{"name":"browright","translateFrame":[{"duration":2,"tweenEasing":0},{"duration":2,"tweenEasing":0,"x":-7.73,"y":-0.06},{"duration":26}],"rotateFrame":[{"duration":2,"tweenEasing":0},{"duration":2,"tweenEasing":0,"rotate":2},{"duration":26}]},{"name":"eyeleft","scaleFrame":[{"duration":2,"tweenEasing":0},{"duration":2,"tweenEasing":0,"x":0.5},{"duration":26}]},{"name":"eyeright","scaleFrame":[{"duration":2,"tweenEasing":0},{"duration":2,"tweenEasing":0,"x":0.45},{"duration":26}]},{"name":"armright1","rotateFrame":[{"duration":5,"tweenEasing":0},{"duration":5,"tweenEasing":0,"rotate":45},{"duration":5,"tweenEasing":0},{"duration":5,"tweenEasing":0,"rotate":45},{"duration":5,"tweenEasing":0},{"duration":5,"tweenEasing":0,"rotate":45},{"duration":0}]},{"name":"armleft","rotateFrame":[{"duration":5,"tweenEasing":0},{"duration":5,"tweenEasing":0,"rotate":-26},{"duration":5,"tweenEasing":0},{"duration":5,"tweenEasing":0,"rotate":-26},{"duration":5,"tweenEasing":0},{"duration":5,"tweenEasing":0,"rotate":-26},{"duration":0}]},{"name":"right","translateFrame":[{"duration":5,"tweenEasing":0,"x":-11.25},{"duration":5,"tweenEasing":0,"x":21.06},{"duration":5,"tweenEasing":0,"x":-11.25},{"duration":5,"tweenEasing":0,"x":21.06},{"duration":5,"tweenEasing":0,"x":-11.25},{"duration":5,"tweenEasing":0,"x":21.06},{"duration":0,"x":-11.25}]},{"name":"left","translateFrame":[{"duration":5,"tweenEasing":0,"x":19.53,"y":1.49},{"duration":5,"tweenEasing":0,"x":-11.54,"y":-20.19},{"duration":5,"tweenEasing":0,"x":19.53,"y":1.49},{"duration":5,"tweenEasing":0,"x":-11.54,"y":-20.19},{"duration":5,"tweenEasing":0,"x":19.53,"y":1.49},{"duration":5,"tweenEasing":0,"x":-11.54,"y":-20.19},{"duration":0,"x":19.53,"y":1.49}]}],"slot":[{"name":"mubang","displayFrame":[{"duration":30,"value":1}]}]},{"duration":58,"playTimes":0,"name":"futou_gongji","bone":[{"name":"body","translateFrame":[{"duration":13,"tweenEasing":0},{"duration":15,"tweenEasing":0},{"duration":30,"tweenEasing":0,"y":-1.02},{"duration":0}]},{"name":"head","translateFrame":[{"duration":13,"tweenEasing":0},{"duration":15,"tweenEasing":0},{"duration":30,"tweenEasing":0,"y":2.97},{"duration":0}]},{"name":"hairfront","translateFrame":[{"duration":58,"x":-10.42,"y":2.32}]},{"name":"hariback","translateFrame":[{"duration":58,"x":0.01,"y":-0.84}]},{"name":"browleft","translateFrame":[{"duration":2,"tweenEasing":0},{"duration":5,"tweenEasing":0,"x":-1.93,"y":-0.01},{"duration":51}],"rotateFrame":[{"duration":2,"tweenEasing":0},{"duration":5,"tweenEasing":0,"rotate":-8},{"duration":3,"tweenEasing":0},{"duration":3,"tweenEasing":0,"rotate":12},{"duration":45}]},{"name":"browright","translateFrame":[{"duration":2,"tweenEasing":0},{"duration":5,"tweenEasing":0,"x":-7.73,"y":-0.06},{"duration":51}],"rotateFrame":[{"duration":2,"tweenEasing":0},{"duration":5,"tweenEasing":0,"rotate":2},{"duration":3,"tweenEasing":0},{"duration":3,"tweenEasing":0,"rotate":-17},{"duration":45}]},{"name":"eyeleft","scaleFrame":[{"tweenEasing":0},{"tweenEasing":0,"x":0.5},{"tweenEasing":0},{"duration":4,"tweenEasing":0,"x":0.5},{"duration":51}]},{"name":"eyeright","scaleFrame":[{"tweenEasing":0},{"tweenEasing":0,"x":0.45},{"tweenEasing":0},{"duration":4,"tweenEasing":0,"x":0.45},{"duration":51}]},{"name":"armright1","translateFrame":[{"duration":13,"tweenEasing":0},{"duration":15,"tweenEasing":0},{"duration":30,"tweenEasing":0,"y":-2},{"duration":0}],"rotateFrame":[{"duration":7,"tweenEasing":0,"rotate":23},{"duration":3,"tweenEasing":0,"rotate":162},{"duration":3,"tweenEasing":0,"rotate":76},{"duration":45,"rotate":23}]},{"name":"qipao","translateFrame":[{"duration":10},{"duration":48,"x":-42.55,"y":154.84}],"scaleFrame":[{"duration":10},{"tweenEasing":0,"x":0.6,"y":0.6},{"duration":47}]},{"name":"huoba","translateFrame":[{"duration":10,"tweenEasing":0,"x":-6.45,"y":4.94},{"duration":3,"tweenEasing":0,"x":10.72,"y":-19.05},{"duration":45,"x":-6.45,"y":4.94}],"rotateFrame":[{"duration":10,"tweenEasing":0},{"duration":3,"tweenEasing":0,"rotate":-33},{"duration":45}]},{"name":"huobamugun","translateFrame":[{"duration":10},{"duration":48,"x":30.64,"y":7.73}],"scaleFrame":[{"duration":10,"tweenEasing":0},{"duration":3,"tweenEasing":0,"x":1.55,"y":1.55},{"duration":45}]}],"slot":[{"name":"mouse","displayFrame":[{"duration":10},{"duration":3,"value":1},{"duration":45}]},{"name":"qipao","displayFrame":[{"duration":10,"value":-1},{},{"duration":47,"value":-1}]},{"name":"mubang","displayFrame":[{"duration":58,"value":1}],"colorFrame":[{"duration":18},{"duration":5,"curve":[0,0,0.5,1]},{"duration":35,"value":{"aM":0}}]}]},{"duration":10,"playTimes":0,"name":"baluobo","bone":[{"name":"body","translateFrame":[{"duration":10,"curve":[0,0,0.5,1]},{"duration":0,"x":12.79}],"rotateFrame":[{"duration":10,"curve":[0,0,0.5,1]},{"duration":0,"rotate":8}]},{"name":"hairfront","translateFrame":[{"duration":10,"curve":[0,0,0.5,1]},{"duration":0,"x":-10.42,"y":2.32}]},{"name":"hariback","translateFrame":[{"duration":10},{"duration":0,"x":0.01,"y":-0.84}]},{"name":"armright1","translateFrame":[{"duration":10,"curve":[0,0,0.5,1]},{"duration":0,"x":-36.65,"y":2.44}],"rotateFrame":[{"duration":10,"curve":[0,0,0.5,1],"rotate":32},{"duration":0,"rotate":68}]},{"name":"armleft","rotateFrame":[{"duration":10,"curve":[0,0,0.5,1],"rotate":21},{"duration":0,"rotate":109}]},{"name":"handleft_1","translateFrame":[{"duration":10,"curve":[0,0,0.5,1]},{"duration":0,"x":2.76,"y":-3.07}],"rotateFrame":[{"duration":10,"curve":[0,0,0.5,1]},{"duration":0,"rotate":-5}],"scaleFrame":[{"duration":10,"curve":[0,0,0.5,1]},{"duration":0,"x":1.1,"y":1.1}]},{"name":"right","translateFrame":[{"duration":10,"curve":[0,0,0.5,1],"x":17.06,"y":-0.41},{"duration":0,"x":18.39,"y":-2.99}]},{"name":"left","translateFrame":[{"duration":10,"curve":[0,0,0.5,1]},{"duration":0,"x":-20.08,"y":-2.35}]},{"name":"mouse","rotateFrame":[{"duration":10,"tweenEasing":0},{"duration":0,"rotate":11}]}]},{"duration":11,"playTimes":0,"name":"ciweizhe","bone":[{"name":"body","rotateFrame":[{"duration":5,"tweenEasing":0},{"duration":4,"tweenEasing":0,"rotate":12},{"duration":2}]},{"name":"head","rotateFrame":[{"duration":8},{"duration":3,"tweenEasing":0},{"duration":0,"rotate":-1.58}]},{"name":"hairfront","translateFrame":[{"duration":11,"x":-10.42,"y":2.32}]},{"name":"hariback","translateFrame":[{"duration":11,"x":0.01,"y":-0.84}]},{"name":"browleft","translateFrame":[{"duration":8},{"duration":3,"tweenEasing":0},{"duration":0,"x":-1.93,"y":-0.01}],"rotateFrame":[{"duration":8},{"duration":3,"tweenEasing":0},{"duration":0,"rotate":-8}]},{"name":"browright","translateFrame":[{"duration":8},{"duration":3,"tweenEasing":0},{"duration":0,"x":-7.73,"y":-0.06}],"rotateFrame":[{"duration":8},{"duration":3,"tweenEasing":0},{"duration":0,"rotate":2}]},{"name":"eyeleft","scaleFrame":[{"duration":8},{"tweenEasing":0},{"duration":2,"tweenEasing":0,"x":0.5},{"duration":0}]},{"name":"eyeright","scaleFrame":[{"duration":8},{"tweenEasing":0},{"duration":2,"tweenEasing":0,"x":0.45},{"duration":0}]},{"name":"armright1","rotateFrame":[{"duration":7,"tweenEasing":0,"rotate":23},{"duration":4,"tweenEasing":0,"rotate":112},{"duration":0,"rotate":52}]},{"name":"qipao","translateFrame":[{"duration":11,"x":10.23,"y":165.57}],"scaleFrame":[{"duration":2},{"duration":7,"curve":[0,0,0.6019417475728155,1.6686746987951808],"x":0.35,"y":0.35},{"duration":2}]}],"slot":[{"name":"eyeleft","displayFrame":[{"duration":5},{"duration":6,"value":1}]},{"name":"eyeright","displayFrame":[{"duration":5},{"duration":6,"value":1}]},{"name":"mouse","displayFrame":[{"duration":8},{"duration":3,"value":2}]},{"name":"qipao","displayFrame":[{"duration":2,"value":-1},{"duration":7},{"duration":2,"value":-1}]}]},{"duration":15,"playTimes":0,"name":"rengluobo","bone":[{"name":"body","translateFrame":[{"duration":15,"curve":[0,0,0.5,1],"x":12.79},{"duration":0}],"rotateFrame":[{"duration":15,"curve":[0,0,0.5,1],"rotate":8},{"duration":0}]},{"name":"hairfront","translateFrame":[{"duration":15,"curve":[0,0,0.5,1],"x":-10.42,"y":2.32},{"duration":0}]},{"name":"hariback","translateFrame":[{"duration":15,"x":0.01,"y":-0.84}]},{"name":"armright1","translateFrame":[{"duration":15,"curve":[0,0,0.5,1],"x":-36.65,"y":2.44},{"duration":0}],"rotateFrame":[{"duration":15,"curve":[0,0,0.5,1],"rotate":68},{"duration":0,"rotate":32}]},{"name":"armleft","rotateFrame":[{"duration":7,"curve":[0,0,0.5,1],"rotate":109},{"duration":8,"tweenEasing":0,"rotate":168},{"duration":0,"rotate":21}]},{"name":"handleft_1","translateFrame":[{"duration":15,"curve":[0,0,0.5,1],"x":2.76,"y":-3.07},{"duration":0}],"rotateFrame":[{"duration":15,"curve":[0,0,0.5,1],"rotate":-5},{"duration":0}],"scaleFrame":[{"duration":15,"curve":[0,0,0.5,1],"x":1.1,"y":1.1},{"duration":0}]},{"name":"right","translateFrame":[{"duration":15,"curve":[0,0,0.5,1],"x":18.39,"y":-2.99},{"duration":0,"x":17.06,"y":-0.41}]},{"name":"left","translateFrame":[{"duration":15,"curve":[0,0,0.5,1],"x":-20.08,"y":-2.35},{"duration":0}]},{"name":"mouse","rotateFrame":[{"duration":15,"tweenEasing":0,"rotate":11},{"duration":0}]}]},{"duration":8,"playTimes":0,"name":"xiao","bone":[{"name":"body","translateFrame":[{"duration":4,"tweenEasing":0},{"duration":4,"tweenEasing":0,"y":-2},{"duration":0}]},{"name":"head","translateFrame":[{"duration":4,"tweenEasing":0},{"duration":4,"tweenEasing":0,"y":7},{"duration":0}]},{"name":"hairfront","translateFrame":[{"duration":8,"x":-10.42,"y":2.32}]},{"name":"hariback","translateFrame":[{"duration":8,"x":0.01,"y":-0.84}]},{"name":"browleft","translateFrame":[{"duration":2,"tweenEasing":0},{"duration":2,"tweenEasing":0,"x":-1.93,"y":-0.01},{"duration":4}],"rotateFrame":[{"duration":2,"tweenEasing":0},{"duration":2,"tweenEasing":0,"rotate":-8},{"duration":4}]},{"name":"browright","translateFrame":[{"duration":2,"tweenEasing":0},{"duration":2,"tweenEasing":0,"x":-7.73,"y":-0.06},{"duration":4}],"rotateFrame":[{"duration":2,"tweenEasing":0},{"duration":2,"tweenEasing":0,"rotate":2},{"duration":4}]},{"name":"armright1","translateFrame":[{"duration":4,"tweenEasing":0},{"duration":4,"tweenEasing":0,"y":-4},{"duration":0}],"rotateFrame":[{"duration":8,"rotate":23}]},{"name":"armleft","translateFrame":[{"duration":4,"tweenEasing":0},{"duration":4,"tweenEasing":0,"y":-2},{"duration":0}]}],"slot":[{"name":"eyeleft","displayFrame":[{"duration":8,"value":2}]},{"name":"eyeright","displayFrame":[{"duration":8,"value":2}]},{"name":"mouse","displayFrame":[{"duration":8,"value":3}]}]}],"defaultActions":[{"gotoAndPlay":"zhoulu"}]},{"type":"Armature","frameRate":24,"name":"xiezi","aabb":{"x":-275.96,"y":-581.39,"width":532.99,"height":623},"bone":[{"name":"root","transform":{"x":-1.25,"y":-6.4081,"scX":-1}},{"name":"tools","parent":"root"},{"length":45,"name":"right","parent":"root","transform":{"x":171.4262}},{"length":72,"name":"left","parent":"root","transform":{"x":-164.6068}},{"length":171,"name":"body","parent":"root","transform":{"x":5.6567,"y":-131.9824,"skY":180,"scX":-1}},{"name":"bone_ikTarget-left","parent":"left","transform":{"x":104.958,"y":-0.1099}},{"name":"bone_ikTarget-right","parent":"right","transform":{"x":-167.9857,"y":-1.3248}},{"length":209,"name":"head","parent":"body","transform":{"x":18.4928,"y":-66.244,"skX":-90.4231,"skY":-90.4231}},{"length":45,"name":"legleft","parent":"body","transform":{"x":-23.9653,"y":80.8574,"skX":85.93,"skY":85.93}},{"length":52,"name":"legright","parent":"body","transform":{"x":37.1815,"y":77.7026,"skX":87.3,"skY":87.3}},{"length":75,"name":"armleft","parent":"body","transform":{"x":-54.1388,"y":-48.9482,"skX":104,"skY":104}},{"length":45,"name":"armright1","parent":"body","transform":{"x":75.1202,"y":-41.4708,"skX":68,"skY":68}},{"name":"wang","parent":"tools"},{"length":44,"name":"qipao","parent":"tools","transform":{"x":-102.1105,"y":-343.6074}},{"length":114,"name":"xiezishou","parent":"body","transform":{"x":-143.5809,"y":-157.3413,"skX":-133.2493,"skY":46.7507,"scX":-1}},{"length":44,"name":"bone","parent":"body"},{"length":46,"name":"handleft","parent":"legleft","transform":{"x":46.8177,"y":-1.2044,"skX":88.58,"skY":88.58}},{"length":63,"name":"hariback","parent":"head","transform":{"x":90.8329,"y":28.5521}},{"length":33,"name":"baobao","parent":"head","transform":{"x":133.8876,"y":-137.1875,"skX":90.4231,"skY":90.4231}},{"length":30,"name":"browright","parent":"head","transform":{"x":142.5012,"y":-7.5449}},{"length":40,"name":"footright","parent":"legright","transform":{"x":51.4837,"y":1.7756,"skX":90.63,"skY":90.63}},{"length":33,"name":"eyeleft","parent":"head","transform":{"x":110.6753,"y":-97.5283}},{"length":30,"name":"browleft","parent":"head","transform":{"x":144.2527,"y":-93.562}},{"length":72,"name":"mouse","parent":"head","transform":{"x":43.2852,"y":-48.8954,"skX":90.4231,"skY":90.4231}},{"length":36,"name":"eyeright","parent":"head","transform":{"x":105.5352,"y":-6.1417}},{"name":"yanlei","parent":"head","transform":{"x":47.6908,"y":-8.9383,"skX":7,"skY":7,"scX":0.8,"scY":1.5}},{"length":36,"name":"hairfront","parent":"head","transform":{"x":188.4599,"y":32.0639}},{"length":57,"name":"handleft_1","parent":"armleft","transform":{"x":70.1463,"y":0.4737,"skX":10,"skY":10}},{"length":43,"name":"handright","parent":"armright1","transform":{"x":50.2806,"y":-1.5145,"skX":3,"skY":3}},{"length":44,"name":"mugun","parent":"xiezishou","transform":{"x":113.9753,"y":2.1415,"skX":-162,"skY":-162}},{"length":39,"name":"nouse","parent":"head","transform":{"x":87.8375,"y":-60.3558,"skX":90.4231,"skY":90.4231}},{"length":33,"name":"huoba","parent":"handright","transform":{"x":46.3534,"y":49.089,"skX":-95,"skY":-95}},{"length":33,"name":"huobamugun","parent":"huoba"}],"slot":[{"displayIndex":-1,"name":"hairback","parent":"hariback"},{"name":"legright1","parent":"legleft"},{"displayIndex":1,"name":"footright1","parent":"handleft"},{"name":"legright","parent":"legright"},{"displayIndex":1,"name":"footright","parent":"footright"},{"name":"armleft1","parent":"armleft"},{"name":"armright 1","parent":"handleft_1"},{"name":"body","parent":"body"},{"name":"head","parent":"head"},{"displayIndex":-1,"name":"baobao","parent":"baobao"},{"name":"hairfront","parent":"hairfront"},{"name":"browleft","parent":"browleft"},{"name":"browright","parent":"browright"},{"name":"nose","parent":"nouse"},{"name":"mouse","parent":"mouse"},{"displayIndex":-1,"name":"lanse","parent":"yanlei"},{"name":"eyeleft","parent":"eyeleft"},{"displayIndex":-1,"name":"mubang","parent":"huoba"},{"name":"eyeright","parent":"eyeright"},{"name":"armleftblack","parent":"armright1"},{"name":"handleftblack","parent":"handright"},{"name":"armleft","parent":"armright1"},{"name":"armright ","parent":"handright"},{"displayIndex":-1,"name":"zhizhusi","parent":"wang"},{"displayIndex":-1,"name":"qipao","parent":"qipao"},{"displayIndex":-1,"name":"huoba","parent":"huobamugun"},{"name":"shuzhi","parent":"mugun"},{"name":"hand_xiezi","parent":"xiezishou"},{"name":"hair_xiezi","parent":"bone"}],"ik":[{"chain":1,"name":"bone_ik1","bone":"handleft","target":"bone_ikTarget-left"},{"chain":1,"name":"bone_ik","bone":"footright","target":"bone_ikTarget-right"}],"skin":[{"slot":[{"name":"hand_xiezi","display":[{"name":"xiezi/hand_xiezi","transform":{"x":56.9,"y":-1.74,"skX":125.75,"skY":125.75,"scX":-1}}]},{"name":"handleftblack","display":[{"name":"handleftblack","transform":{"x":30.51,"y":-4.51,"skX":-86,"skY":-86}}]},{"name":"nose","display":[{"name":"nose"}]},{"name":"armright 1","display":[{"name":"armright ","transform":{"x":16.78,"y":-6.76,"skX":-82,"skY":-82,"scX":0.9,"scY":0.9}}]},{"name":"legright","display":[{"name":"legright","transform":{"x":2.93,"y":4.53,"skX":-88.3,"skY":-88.3}}]},{"name":"qipao","display":[{"name":"qipao","transform":{"skX":180,"skY":180}}]},{"name":"mubang","display":[{"name":"mubang","transform":{"skX":-83,"skY":-83}},{"name":"chuizi","transform":{"x":-0.1,"y":0.23,"skX":-88,"skY":-88}}]},{"name":"hairfront","display":[{"name":"hairfront","transform":{"x":-2.22,"y":-1.69,"skX":90.42,"skY":90.42}}]},{"name":"hairback","display":[{"name":"hairback","transform":{"skX":90.42,"skY":90.42}}]},{"name":"armleft","display":[{"name":"armleft","transform":{"x":10.34,"y":-0.66,"skX":-82,"skY":-82}}]},{"name":"mouse","display":[{"name":"mouse","transform":{"x":6.94,"y":-12.01}},{"name":"mouse1","transform":{"x":11.01,"y":-1.61}},{"name":"zuiba"}]},{"name":"body","display":[{"name":"body","transform":{"x":13.25,"y":0.35}}]},{"name":"footright","display":[{"name":"footright","transform":{"x":11.5,"y":0.42,"skX":-177.93,"skY":-177.93}},{"name":"xiezi/footback","transform":{"x":0.02,"y":1.83,"skX":180,"skY":180}}]},{"name":"huoba","display":[{"type":"armature","name":"huoba","transform":{"x":-114.8,"y":-82.96}}]},{"name":"eyeright","display":[{"name":"eyeright","transform":{"skX":90.42,"skY":90.42}},{"name":"eye-1"}]},{"name":"browleft","display":[{"name":"browleft","transform":{"skX":90.42,"skY":90.42}}]},{"name":"hair_xiezi","display":[{"name":"xiezi/hair_xiezi","transform":{"x":23.56,"y":-131.5,"skY":180,"scX":0.8,"scY":0.8}}]},{"name":"legright1","display":[{"name":"legright","transform":{"x":13.61,"y":4.68,"skX":-89.93,"skY":-89.93}}]},{"name":"armright ","display":[{"name":"armright ","transform":{"x":32.89,"y":-7.92,"skX":-86,"skY":-86}}]},{"name":"lanse","display":[{"name":"lanse","transform":{"skX":89.58,"skY":89.58}}]},{"name":"head","display":[{"name":"head","transform":{"x":121.73,"y":13.33,"skX":90.42,"skY":90.42}}]},{"name":"armleft1","display":[{"name":"armleft","transform":{"x":15.67,"y":-3.39,"skX":-83,"skY":-83}}]},{"name":"shuzhi","display":[{"name":"xiezi/shuzhi","transform":{"x":-58.72,"y":-17.39,"skX":-92.25,"skY":-92.25}}]},{"name":"armleftblack","display":[{"name":"armleftblack","transform":{"x":30.38,"y":-2.22,"skX":-82,"skY":-82}}]},{"name":"browright","display":[{"name":"browright","transform":{"skX":90.42,"skY":90.42}}]},{"name":"footright1","display":[{"name":"footright","transform":{"x":17.4,"y":-0.58,"skX":-173.51,"skY":-173.51}},{"name":"xiezi/footback","transform":{"x":3.72,"y":0.36,"skX":-177,"skY":-177}}]},{"name":"zhizhusi","display":[{"name":"zhizhusi","transform":{"x":26.17,"y":-281.38,"skX":-104,"skY":-104,"scX":2.05,"scY":2.05}}]},{"name":"eyeleft","display":[{"name":"eyeleft","transform":{"skX":90.42,"skY":90.42}},{"name":"eye-1","transform":{"skX":104,"skY":104}}]},{"name":"baobao","display":[{"name":"baobao","transform":{"x":-6.29,"y":-20.3,"skX":-16,"skY":-16,"scX":0.7,"scY":0.7}}]}]}],"animation":[{"duration":72,"playTimes":0,"name":"zhanli","bone":[{"name":"hairfront","translateFrame":[{"duration":72,"x":-10.42,"y":2.32}]},{"name":"hariback","translateFrame":[{"duration":72,"x":0.01,"y":-0.84}]},{"name":"browleft","translateFrame":[{"duration":2,"tweenEasing":0},{"duration":2,"tweenEasing":0,"x":-1.93,"y":-0.01},{"duration":68}],"rotateFrame":[{"duration":2,"tweenEasing":0},{"duration":2,"tweenEasing":0,"rotate":-8},{"duration":68}]},{"name":"browright","translateFrame":[{"duration":2,"tweenEasing":0},{"duration":2,"tweenEasing":0,"x":-7.73,"y":-0.06},{"duration":68}],"rotateFrame":[{"duration":2,"tweenEasing":0},{"duration":2,"tweenEasing":0,"rotate":2},{"duration":68}]},{"name":"eyeleft","scaleFrame":[{"tweenEasing":0},{"tweenEasing":0,"x":0.5},{"tweenEasing":0},{"tweenEasing":0,"x":0.5},{"duration":68}]},{"name":"eyeright","scaleFrame":[{"tweenEasing":0},{"tweenEasing":0,"x":0.45},{"tweenEasing":0},{"tweenEasing":0,"x":0.45},{"duration":68}]},{"name":"armright1","rotateFrame":[{"duration":72,"rotate":23}]},{"name":"xiezishou","translateFrame":[{"duration":72,"tweenEasing":0},{"duration":0,"x":53.89,"y":129.37}],"rotateFrame":[{"duration":11,"curve":[0,0,0.558252427184466,1.5963855421686748]},{"duration":12,"curve":[0,0,0.5,1],"rotate":35},{"duration":13,"curve":[0,0,0.5,1]},{"duration":12,"curve":[0,0,0.5,1],"rotate":35},{"duration":12,"curve":[0,0,0.5,1]},{"duration":12,"curve":[0,0,0.5,1],"rotate":35},{"duration":0}]},{"name":"bone","rotateFrame":[{"duration":35,"tweenEasing":0},{"duration":37,"tweenEasing":0,"rotate":-8},{"duration":0}],"scaleFrame":[{"duration":35,"tweenEasing":0},{"duration":37,"tweenEasing":0,"x":0.98,"y":0.98},{"duration":0}]}]}],"defaultActions":[{"gotoAndPlay":"zhanli"}]},{"type":"Armature","frameRate":24,"name":"huoba","aabb":{"x":-49.5,"y":-95,"width":99,"height":190},"bone":[{"name":"root"},{"name":"bone","parent":"root"}],"slot":[{"displayIndex":6,"name":"bone","parent":"bone"}],"skin":[{"slot":[{"name":"bone","display":[{"name":"huoba/7"},{"name":"huoba/6"},{"name":"huoba/5"},{"name":"huoba/4"},{"name":"huoba/3"},{"name":"huoba/2"},{"name":"huoba/1"}]}]}],"animation":[{"duration":6,"playTimes":0,"name":"huoba-1","slot":[{"name":"bone","displayFrame":[{"value":6},{"value":5},{"value":4},{"value":3},{"value":2},{"value":1},{"duration":0}]}]}],"defaultActions":[{"gotoAndPlay":"huoba-1"}]}]}