{"width":2048,"SubTexture":[{"width":348,"y":1,"height":438,"name":"hairback","x":494},{"frameY":-9,"y":911,"frameWidth":72,"frameX":-22,"frameHeight":89,"width":37,"height":80,"name":"legright","x":467},{"width":59,"y":992,"height":26,"name":"footright","x":360},{"frameY":-32,"y":911,"frameWidth":98,"frameX":-27,"frameHeight":112,"width":47,"height":79,"name":"armleft","x":418},{"frameY":-8,"y":911,"frameWidth":94,"frameX":-11,"frameHeight":105,"width":56,"height":75,"name":"armright ","x":360},{"frameY":0,"y":441,"frameWidth":240,"frameX":-13,"frameHeight":181,"width":227,"height":181,"name":"body","x":755},{"width":328,"y":626,"height":273,"name":"head","x":1},{"width":168,"y":861,"height":158,"name":"baobao","x":642},{"width":259,"y":441,"height":182,"name":"hairfront","x":494},{"width":49,"y":954,"height":38,"name":"browleft","x":922},{"width":59,"y":985,"height":34,"name":"browright","x":1120},{"width":35,"y":992,"height":28,"name":"nose","x":421},{"width":164,"y":958,"height":43,"name":"mouse","x":1},{"width":164,"y":901,"height":55,"name":"xiao","x":1},{"width":132,"y":901,"height":52,"name":"mouse1","x":167},{"width":125,"y":413,"height":24,"name":"zuiba","x":844},{"width":42,"y":1,"height":156,"name":"lanse","x":1010},{"width":27,"y":994,"height":17,"name":"meimao-xiao","x":900},{"width":31,"y":986,"height":23,"name":"eyeleft","x":867},{"width":32,"y":954,"height":41,"name":"eye-1","x":973},{"width":27,"y":333,"height":232,"name":"mubang","x":984},{"width":127,"y":624,"height":245,"name":"chuizi","x":893},{"width":36,"y":985,"height":22,"name":"eyeright","x":1181},{"frameY":-8,"y":911,"frameWidth":98,"frameX":-19,"frameHeight":112,"width":57,"height":91,"name":"armleftblack","x":301},{"frameY":-8,"y":871,"frameWidth":94,"frameX":-10,"frameHeight":105,"width":65,"height":81,"name":"handleftblack","x":922},{"width":249,"y":626,"height":233,"name":"zhizhusi","x":642},{"width":309,"y":626,"height":283,"name":"qipao","x":331},{"width":53,"y":986,"height":28,"name":"xiezi/footback","x":812},{"width":69,"y":1,"height":233,"name":"xiezi/shuzhi","x":844},{"width":108,"y":871,"height":113,"name":"xiezi/hand_xiezi","x":812},{"width":491,"y":1,"height":623,"name":"xiezi/hair_xiezi","x":1},{"frameY":-3,"y":624,"frameWidth":99,"frameX":0,"frameHeight":190,"width":99,"height":184,"name":"huoba/2","x":1022},{"frameY":-14,"y":1,"frameWidth":99,"frameX":-3,"frameHeight":190,"width":93,"height":162,"name":"huoba/6","x":915},{"frameY":-1,"y":810,"frameWidth":99,"frameX":-1,"frameHeight":190,"width":96,"height":187,"name":"huoba/1","x":1022},{"frameY":-12,"y":165,"frameWidth":99,"frameX":-5,"frameHeight":190,"width":88,"height":166,"name":"huoba/5","x":937},{"frameY":-7,"y":236,"frameWidth":99,"frameX":-4,"frameHeight":190,"width":91,"height":175,"name":"huoba/4","x":844},{"frameY":-7,"y":810,"frameWidth":99,"frameX":-2,"frameHeight":190,"width":94,"height":175,"name":"huoba/3","x":1219},{"frameY":-8,"y":810,"frameWidth":99,"frameX":-1,"frameHeight":190,"width":97,"height":173,"name":"huoba/7","x":1120}],"imagePath":"cangjiBodyAnimtaion_tex.png","name":"cangjiBodyAnimtaion","height":1024}