{"width":2048,"imagePath":"loading_tex.png","height":2048,"name":"loading","SubTexture":[{"width":1920,"y":1,"height":1080,"name":"bg","x":1},{"y":1322,"frameX":-2,"frameHeight":150,"frameY":-27,"width":296,"frameWidth":300,"height":113,"name":"yanpaobu/paobu0008","x":351},{"y":1083,"frameX":-6,"frameHeight":150,"frameY":-12,"width":246,"frameWidth":300,"height":129,"name":"yanpaobu/paobu0009","x":645},{"y":1083,"frameX":-6,"frameHeight":150,"frameY":-12,"width":246,"frameWidth":300,"height":129,"name":"yanpaobu/paobu0001","x":893},{"y":1555,"frameX":-3,"frameHeight":150,"frameY":-30,"width":255,"frameWidth":300,"height":110,"name":"yanpaobu/paobu0010","x":907},{"y":1667,"frameX":-3,"frameHeight":150,"frameY":-30,"width":255,"frameWidth":300,"height":110,"name":"yanpaobu/paobu0002","x":913},{"y":1669,"frameX":-3,"frameHeight":150,"frameY":-27,"width":263,"frameWidth":300,"height":112,"name":"yanpaobu/paobu0011","x":642},{"y":1555,"frameX":-3,"frameHeight":150,"frameY":-27,"width":263,"frameWidth":300,"height":112,"name":"yanpaobu/paobu0003","x":642},{"y":1437,"frameX":-2,"frameHeight":150,"frameY":-23,"width":269,"frameWidth":300,"height":116,"name":"yanpaobu/paobu0004","x":642},{"y":1808,"frameX":-4,"frameHeight":150,"frameY":-16,"width":276,"frameWidth":300,"height":129,"name":"yanpaobu/paobu0005","x":491},{"y":1214,"frameX":-2,"frameHeight":150,"frameY":-23,"width":269,"frameWidth":300,"height":116,"name":"yanpaobu/paobu0012","x":649},{"y":1201,"frameX":-2,"frameHeight":150,"frameY":-19,"width":282,"frameWidth":300,"height":119,"name":"yanpaobu/paobu0006","x":351},{"y":1808,"frameX":-4,"frameHeight":150,"frameY":-16,"width":276,"frameWidth":300,"height":129,"name":"yanpaobu/paobu0013","x":769},{"y":1083,"frameX":-5,"frameHeight":150,"frameY":-24,"width":292,"frameWidth":300,"height":116,"name":"yanpaobu/paobu0007","x":351},{"width":348,"y":1083,"height":438,"name":"hairback","x":1},{"y":1332,"frameX":-22,"frameHeight":89,"frameY":-9,"width":37,"frameWidth":72,"height":80,"name":"legright","x":757},{"width":59,"y":1779,"height":26,"name":"footright","x":907},{"y":1332,"frameX":-27,"frameHeight":112,"frameY":-32,"width":47,"frameWidth":98,"height":79,"name":"armleft","x":708},{"y":1437,"frameX":-11,"frameHeight":105,"frameY":-8,"width":56,"frameWidth":94,"height":75,"name":"armright ","x":584},{"y":1808,"frameX":-13,"frameHeight":181,"frameY":0,"width":227,"frameWidth":240,"height":181,"name":"body","x":262},{"width":328,"y":1523,"height":273,"name":"head","x":1},{"width":259,"y":1798,"height":182,"name":"hairfront","x":1},{"width":49,"y":1482,"height":38,"name":"browleft","x":412},{"width":59,"y":1482,"height":34,"name":"browright","x":351},{"width":35,"y":1482,"height":28,"name":"nose","x":463},{"width":132,"y":1991,"height":52,"name":"mouse1","x":149},{"width":164,"y":1437,"height":43,"name":"mouse","x":351},{"width":124,"y":1991,"height":51,"name":"paobu","x":283},{"width":31,"y":1783,"height":23,"name":"eyeleft","x":642},{"width":32,"y":1991,"height":41,"name":"eye-1","x":409},{"width":36,"y":1413,"height":22,"name":"eyeright","x":708},{"y":1332,"frameX":-19,"frameHeight":112,"frameY":-8,"width":57,"frameWidth":98,"height":91,"name":"armleftblack","x":649},{"y":1437,"frameX":-10,"frameHeight":105,"frameY":-8,"width":65,"frameWidth":94,"height":81,"name":"handleftblack","x":517},{"width":309,"y":1523,"height":283,"name":"qipao","x":331},{"width":146,"y":1982,"height":63,"name":"gutou","x":1}]}