{
	"skins": {
		"eui.Button": "resource/eui_skins/ButtonSkin.exml",
		"eui.CheckBox": "resource/eui_skins/CheckBoxSkin.exml",
		"eui.HScrollBar": "resource/eui_skins/HScrollBarSkin.exml",
		"eui.HSlider": "resource/eui_skins/HSliderSkin.exml",
		"eui.Panel": "resource/eui_skins/PanelSkin.exml",
		"eui.TextInput": "resource/eui_skins/TextInputSkin.exml",
		"eui.ProgressBar": "resource/eui_skins/ProgressBarSkin.exml",
		"eui.RadioButton": "resource/eui_skins/RadioButtonSkin.exml",
		"eui.Scroller": "resource/eui_skins/ScrollerSkin.exml",
		"eui.ToggleSwitch": "resource/eui_skins/ToggleSwitchSkin.exml",
		"eui.VScrollBar": "resource/eui_skins/VScrollBarSkin.exml",
		"eui.VSlider": "resource/eui_skins/VSliderSkin.exml",
		"eui.ItemRenderer": "resource/eui_skins/ItemRendererSkin.exml",
		"load": "resource/eui_skins/load/load.exml",
		"z.index": "resource/eui_skins/main/index.exml",
		"z.guanka": "resource/eui_skins/guanka/guanka.exml",
		"z.page1": "resource/eui_skins/page/page1.exml",
		"z.ti1": "resource/eui_skins/ti/ti1.exml",
		"z.zi1": "resource/eui_skins/zi/zi1.exml",
		"z.dazi": "resource/eui_skins/dazi/dazi.exml",
		"success": "resource/eui_skins/jieju/success.exml",
		"shibai": "resource/eui_skins/jieju/shibai.exml",
		"zi": "resource/eui_skins/jieju/zi.exml",
		"main": "resource/eui_skins/jieju/main.exml",
		"xue": "resource/eui_skins/xue/xue.exml"
	},
	"autoGenerateExmlsList": true,
	"exmls": [
		"resource/eui_skins/ButtonSkin.exml",
		"resource/eui_skins/CheckBoxSkin.exml",
		"resource/eui_skins/dazi/dazi.exml",
		"resource/eui_skins/duti/duti.exml",
		"resource/eui_skins/guanka/guanka.exml",
		"resource/eui_skins/HScrollBarSkin.exml",
		"resource/eui_skins/HSliderSkin.exml",
		"resource/eui_skins/ItemRendererSkin.exml",
		"resource/eui_skins/jieju/main.exml",
		"resource/eui_skins/jieju/shibai.exml",
		"resource/eui_skins/jieju/success.exml",
		"resource/eui_skins/jieju/zi.exml",
		"resource/eui_skins/load/load.exml",
		"resource/eui_skins/main/index.exml",
		"resource/eui_skins/page/page1.exml",
		"resource/eui_skins/PanelSkin.exml",
		"resource/eui_skins/ProgressBarSkin.exml",
		"resource/eui_skins/RadioButtonSkin.exml",
		"resource/eui_skins/ScrollerSkin.exml",
		"resource/eui_skins/TextInputSkin.exml",
		"resource/eui_skins/ti/ti1.exml",
		"resource/eui_skins/ToggleSwitchSkin.exml",
		"resource/eui_skins/VScrollBarSkin.exml",
		"resource/eui_skins/VSliderSkin.exml",
		"resource/eui_skins/xue/xue.exml",
		"resource/eui_skins/zi/zi1.exml"
	],
	"path": "resource/default.thm.json"
}