{
	"groups": [
		{
			"keys": "checkbox_select_disabled_png,checkbox_select_down_png,checkbox_select_up_png,checkbox_unselect_png,selected_png,border_png,header_png,radiobutton_select_disabled_png,radiobutton_select_down_png,radiobutton_select_up_png,radiobutton_unselect_png,roundthumb_png,thumb_png,track_png,tracklight_png,handle_png,off_png,on_png,button_down_png,button_up_png,thumb_pb_png,track_pb_png,track_sb_png,description_json,startgame_ske_json,startgame_tex_json,startgame_tex_png,ditu_jpg,anniu-di_png,anniu-kaishi_png,anniu-shezhi_png,anniu_png,chongboanniu_png,cuo_png,dui_png,fanhui-anniu_png,green_png,huang_png,jingbao_png,yinyue-anniu_png,zanting-anniu_png,zanting_png,fanhuiguanka_png,qiangdadeniukou_02_2_png,qipao_png,foot_ske_json,foot_tex_json,foot_tex_png,cangjiBodyAnimtaion_ske_json,cangjiBodyAnimtaion_tex_json,cangjiBodyAnimtaion_tex_png,bgdonghua_tex_png,bgdonghua_ske_json,bgdonghua_tex_json,ganzi_png,xingzhuang1_png,ba_png,da_png,guan_png,kai_png,ma_png,peng_png,xiao_png,you_png,zhang_png,mba_mp3,mbu_mp3,mda_mp3,mfeng_mp3,mge_mp3,mguan_mp3,mjin_mp3,mkai_mp3,mliao_mp3,mma_mp3,mpeng_mp3,mqi_mp3,mqu_mp3,mshang_mp3,msheng_mp3,mxia_mp3,mxiao_mp3,mye_mp3,myou3_mp3,myou4_mp3,mzhang_mp3,mzhu_mp3,mzuo_mp3,mubandonghua_ske_json,mubandonghua_tex_json,mubandonghua_tex_png,shibai_ske_json,shibai_tex_json,shibai_tex_png,taiozhanjieshu_ske_json,taiozhanjieshu_tex_json,taiozhanjieshu_tex_png,err_mp3,xiezi_mp3,bg_mp3,again_mp3,tiaozhan_mp3,dianji_mp3,taoxin_png,paizi_ske_json,paizi_tex_json,paizi_tex_png,wangzi2_png,guankawenliji2_json,bg_png,cangjieen_mp3,jiaobu_mp3,hanzi_mp3,qipao_mp3,yutupaopao_mp3,guanka_mp3,jianxiao_mp3,jinchang_mp3,laoyu_mp3,luoxia_mp3,xiaoshi_mp3,shuiyin_png",
			"name": "preload"
		},
		{
			"keys": "loading_ske_json,loading_tex_json,loading_tex_png",
			"name": "load"
		}
	],
	"resources": [
		{
			"url": "assets/CheckBox/checkbox_select_disabled.png",
			"type": "image",
			"name": "checkbox_select_disabled_png"
		},
		{
			"url": "assets/CheckBox/checkbox_select_down.png",
			"type": "image",
			"name": "checkbox_select_down_png"
		},
		{
			"url": "assets/CheckBox/checkbox_select_up.png",
			"type": "image",
			"name": "checkbox_select_up_png"
		},
		{
			"url": "assets/CheckBox/checkbox_unselect.png",
			"type": "image",
			"name": "checkbox_unselect_png"
		},
		{
			"url": "assets/ItemRenderer/selected.png",
			"type": "image",
			"name": "selected_png"
		},
		{
			"url": "assets/Panel/border.png",
			"type": "image",
			"name": "border_png"
		},
		{
			"url": "assets/Panel/header.png",
			"type": "image",
			"name": "header_png"
		},
		{
			"url": "assets/RadioButton/radiobutton_select_disabled.png",
			"type": "image",
			"name": "radiobutton_select_disabled_png"
		},
		{
			"url": "assets/RadioButton/radiobutton_select_down.png",
			"type": "image",
			"name": "radiobutton_select_down_png"
		},
		{
			"url": "assets/RadioButton/radiobutton_select_up.png",
			"type": "image",
			"name": "radiobutton_select_up_png"
		},
		{
			"url": "assets/RadioButton/radiobutton_unselect.png",
			"type": "image",
			"name": "radiobutton_unselect_png"
		},
		{
			"url": "assets/ScrollBar/roundthumb.png",
			"type": "image",
			"name": "roundthumb_png"
		},
		{
			"url": "assets/Slider/thumb.png",
			"type": "image",
			"name": "thumb_png"
		},
		{
			"url": "assets/Slider/track.png",
			"type": "image",
			"name": "track_png"
		},
		{
			"url": "assets/Slider/tracklight.png",
			"type": "image",
			"name": "tracklight_png"
		},
		{
			"url": "assets/ToggleSwitch/handle.png",
			"type": "image",
			"name": "handle_png"
		},
		{
			"url": "assets/ToggleSwitch/off.png",
			"type": "image",
			"name": "off_png"
		},
		{
			"url": "assets/ToggleSwitch/on.png",
			"type": "image",
			"name": "on_png"
		},
		{
			"url": "assets/Button/button_down.png",
			"type": "image",
			"name": "button_down_png"
		},
		{
			"url": "assets/Button/button_up.png",
			"type": "image",
			"name": "button_up_png"
		},
		{
			"url": "assets/ProgressBar/thumb_pb.png",
			"type": "image",
			"name": "thumb_pb_png"
		},
		{
			"url": "assets/ProgressBar/track_pb.png",
			"type": "image",
			"name": "track_pb_png"
		},
		{
			"url": "assets/ScrollBar/track_sb.png",
			"type": "image",
			"name": "track_sb_png"
		},
		{
			"url": "config/description.json",
			"type": "json",
			"name": "description_json"
		},
		{
			"url": "assets/sucai/load/loading_ske.json",
			"type": "json",
			"name": "loading_ske_json"
		},
		{
			"url": "assets/sucai/load/loading_tex.json",
			"type": "json",
			"name": "loading_tex_json"
		},
		{
			"url": "assets/sucai/load/loading_tex.png",
			"type": "image",
			"name": "loading_tex_png"
		},
		{
			"name": "startgame_ske_json",
			"type": "json",
			"url": "assets/sucai/start/startgame_ske.json"
		},
		{
			"name": "startgame_tex_json",
			"type": "json",
			"url": "assets/sucai/start/startgame_tex.json"
		},
		{
			"name": "startgame_tex_png",
			"type": "image",
			"url": "assets/sucai/start/startgame_tex.png"
		},
		{
			"name": "ditu_jpg",
			"type": "image",
			"url": "assets/sucai/guanka/ditu.jpg"
		},
		{
			"name": "anniu-di_png",
			"type": "image",
			"url": "assets/sucai/UI/common/anniu-di.png"
		},
		{
			"name": "anniu-kaishi_png",
			"type": "image",
			"url": "assets/sucai/UI/common/anniu-kaishi.png"
		},
		{
			"name": "anniu-shezhi_png",
			"type": "image",
			"url": "assets/sucai/UI/common/anniu-shezhi.png"
		},
		{
			"name": "anniu_png",
			"type": "image",
			"url": "assets/sucai/UI/common/anniu.png"
		},
		{
			"name": "chongboanniu_png",
			"type": "image",
			"url": "assets/sucai/UI/common/chongboanniu.png"
		},
		{
			"name": "cuo_png",
			"type": "image",
			"url": "assets/sucai/UI/common/cuo.png"
		},
		{
			"name": "dui_png",
			"type": "image",
			"url": "assets/sucai/UI/common/dui.png"
		},
		{
			"name": "fanhui-anniu_png",
			"type": "image",
			"url": "assets/sucai/UI/common/fanhui-anniu.png"
		},
		{
			"name": "green_png",
			"type": "image",
			"url": "assets/sucai/UI/common/green.png"
		},
		{
			"name": "huang_png",
			"type": "image",
			"url": "assets/sucai/UI/common/huang.png"
		},
		{
			"name": "jingbao_png",
			"type": "image",
			"url": "assets/sucai/UI/common/jingbao.png"
		},
		{
			"name": "yinyue-anniu_png",
			"type": "image",
			"url": "assets/sucai/UI/common/yinyue-anniu.png"
		},
		{
			"name": "zanting-anniu_png",
			"type": "image",
			"url": "assets/sucai/UI/common/zanting-anniu.png"
		},
		{
			"name": "zanting_png",
			"type": "image",
			"url": "assets/sucai/UI/common/zanting.png"
		},
		{
			"name": "fanhuiguanka_png",
			"type": "image",
			"url": "assets/sucai/UI/common/fanhuiguanka.png"
		},
		{
			"name": "qiangdadeniukou_02_2_png",
			"type": "image",
			"url": "assets/sucai/UI/common/qiangdadeniukou_02_2.png"
		},
		{
			"name": "qipao_png",
			"type": "image",
			"url": "assets/sucai/UI/common/qipao.png"
		},
		{
			"name": "foot_ske_json",
			"type": "json",
			"url": "assets/sucai/guanka/foot_ske.json"
		},
		{
			"name": "foot_tex_json",
			"type": "json",
			"url": "assets/sucai/guanka/foot_tex.json"
		},
		{
			"name": "foot_tex_png",
			"type": "image",
			"url": "assets/sucai/guanka/foot_tex.png"
		},
		{
			"name": "cangjiBodyAnimtaion_ske_json",
			"type": "json",
			"url": "assets/sucai/cangjiBodyAnimtaion_ske.json"
		},
		{
			"name": "cangjiBodyAnimtaion_tex_json",
			"type": "json",
			"url": "assets/sucai/cangjiBodyAnimtaion_tex.json"
		},
		{
			"name": "cangjiBodyAnimtaion_tex_png",
			"type": "image",
			"url": "assets/sucai/cangjiBodyAnimtaion_tex.png"
		},
		{
			"name": "bgdonghua_tex_png",
			"type": "image",
			"url": "assets/sucai/page1/bgdonghua_tex.png"
		},
		{
			"name": "bgdonghua_ske_json",
			"type": "json",
			"url": "assets/sucai/page1/bgdonghua_ske.json"
		},
		{
			"name": "bgdonghua_tex_json",
			"type": "json",
			"url": "assets/sucai/page1/bgdonghua_tex.json"
		},
		{
			"name": "ganzi_png",
			"type": "image",
			"url": "assets/sucai/page1/png/ganzi.png"
		},
		{
			"name": "xingzhuang1_png",
			"type": "image",
			"url": "assets/sucai/page1/png/xingzhuang1.png"
		},
		{
			"name": "ba_png",
			"type": "image",
			"url": "assets/sucai/page1/png/ba.png"
		},
		{
			"name": "da_png",
			"type": "image",
			"url": "assets/sucai/page1/png/da.png"
		},
		{
			"name": "guan_png",
			"type": "image",
			"url": "assets/sucai/page1/png/guan.png"
		},
		{
			"name": "kai_png",
			"type": "image",
			"url": "assets/sucai/page1/png/kai.png"
		},
		{
			"name": "ma_png",
			"type": "image",
			"url": "assets/sucai/page1/png/ma.png"
		},
		{
			"name": "peng_png",
			"type": "image",
			"url": "assets/sucai/page1/png/peng.png"
		},
		{
			"name": "xiao_png",
			"type": "image",
			"url": "assets/sucai/page1/png/xiao.png"
		},
		{
			"name": "you_png",
			"type": "image",
			"url": "assets/sucai/page1/png/you.png"
		},
		{
			"name": "zhang_png",
			"type": "image",
			"url": "assets/sucai/page1/png/zhang.png"
		},
		{
			"name": "mba_mp3",
			"type": "sound",
			"url": "assets/sucai/p3/mba.mp3"
		},
		{
			"name": "mbu_mp3",
			"type": "sound",
			"url": "assets/sucai/p3/mbu.mp3"
		},
		{
			"name": "mda_mp3",
			"type": "sound",
			"url": "assets/sucai/p3/mda.mp3"
		},
		{
			"name": "mfeng_mp3",
			"type": "sound",
			"url": "assets/sucai/p3/mfeng.mp3"
		},
		{
			"name": "mge_mp3",
			"type": "sound",
			"url": "assets/sucai/p3/mge.mp3"
		},
		{
			"name": "mguan_mp3",
			"type": "sound",
			"url": "assets/sucai/p3/mguan.mp3"
		},
		{
			"name": "mjin_mp3",
			"type": "sound",
			"url": "assets/sucai/p3/mjin.mp3"
		},
		{
			"name": "mkai_mp3",
			"type": "sound",
			"url": "assets/sucai/p3/mkai.mp3"
		},
		{
			"name": "mliao_mp3",
			"type": "sound",
			"url": "assets/sucai/p3/mliao.mp3"
		},
		{
			"name": "mma_mp3",
			"type": "sound",
			"url": "assets/sucai/p3/mma.mp3"
		},
		{
			"name": "mpeng_mp3",
			"type": "sound",
			"url": "assets/sucai/p3/mpeng.mp3"
		},
		{
			"name": "mqi_mp3",
			"type": "sound",
			"url": "assets/sucai/p3/mqi.mp3"
		},
		{
			"name": "mqu_mp3",
			"type": "sound",
			"url": "assets/sucai/p3/mqu.mp3"
		},
		{
			"name": "mshang_mp3",
			"type": "sound",
			"url": "assets/sucai/p3/mshang.mp3"
		},
		{
			"name": "msheng_mp3",
			"type": "sound",
			"url": "assets/sucai/p3/msheng.mp3"
		},
		{
			"name": "mxia_mp3",
			"type": "sound",
			"url": "assets/sucai/p3/mxia.mp3"
		},
		{
			"name": "mxiao_mp3",
			"type": "sound",
			"url": "assets/sucai/p3/mxiao.mp3"
		},
		{
			"name": "mye_mp3",
			"type": "sound",
			"url": "assets/sucai/p3/mye.mp3"
		},
		{
			"name": "myou3_mp3",
			"type": "sound",
			"url": "assets/sucai/p3/myou3.mp3"
		},
		{
			"name": "myou4_mp3",
			"type": "sound",
			"url": "assets/sucai/p3/myou4.mp3"
		},
		{
			"name": "mzhang_mp3",
			"type": "sound",
			"url": "assets/sucai/p3/mzhang.mp3"
		},
		{
			"name": "mzhu_mp3",
			"type": "sound",
			"url": "assets/sucai/p3/mzhu.mp3"
		},
		{
			"name": "mzuo_mp3",
			"type": "sound",
			"url": "assets/sucai/p3/mzuo.mp3"
		},
		{
			"name": "mubandonghua_ske_json",
			"type": "json",
			"url": "assets/sucai/com/mubandonghua_ske.json"
		},
		{
			"name": "mubandonghua_tex_json",
			"type": "json",
			"url": "assets/sucai/com/mubandonghua_tex.json"
		},
		{
			"name": "mubandonghua_tex_png",
			"type": "image",
			"url": "assets/sucai/com/mubandonghua_tex.png"
		},
		{
			"name": "shibai_ske_json",
			"type": "json",
			"url": "assets/sucai/com/shibai_ske.json"
		},
		{
			"name": "shibai_tex_json",
			"type": "json",
			"url": "assets/sucai/com/shibai_tex.json"
		},
		{
			"name": "shibai_tex_png",
			"type": "image",
			"url": "assets/sucai/com/shibai_tex.png"
		},
		{
			"name": "taiozhanjieshu_ske_json",
			"type": "json",
			"url": "assets/sucai/com/taiozhanjieshu_ske.json"
		},
		{
			"name": "taiozhanjieshu_tex_json",
			"type": "json",
			"url": "assets/sucai/com/taiozhanjieshu_tex.json"
		},
		{
			"name": "taiozhanjieshu_tex_png",
			"type": "image",
			"url": "assets/sucai/com/taiozhanjieshu_tex.png"
		},
		{
			"name": "err_mp3",
			"type": "sound",
			"url": "assets/sucai/p3/comm/err.mp3"
		},
		{
			"name": "xiezi_mp3",
			"type": "sound",
			"url": "assets/sucai/p3/comm/xiezi.mp3"
		},
		{
			"name": "bg_mp3",
			"type": "sound",
			"url": "assets/sucai/p3/comm/bg.mp3"
		},
		{
			"name": "again_mp3",
			"type": "sound",
			"url": "assets/sucai/p3/comm/again.mp3"
		},
		{
			"name": "tiaozhan_mp3",
			"type": "sound",
			"url": "assets/sucai/p3/comm/tiaozhan.mp3"
		},
		{
			"name": "dianji_mp3",
			"type": "sound",
			"url": "assets/sucai/p3/comm/dianji.mp3"
		},
		{
			"name": "taoxin_png",
			"type": "image",
			"url": "assets/sucai/UI/common/taoxin.png"
		},
		{
			"name": "paizi_ske_json",
			"type": "json",
			"url": "assets/sucai/page1/paizi_ske.json"
		},
		{
			"name": "paizi_tex_json",
			"type": "json",
			"url": "assets/sucai/page1/paizi_tex.json"
		},
		{
			"name": "paizi_tex_png",
			"type": "image",
			"url": "assets/sucai/page1/paizi_tex.png"
		},
		{
			"name": "wangzi2_png",
			"type": "image",
			"url": "assets/sucai/UI/wangzi.png"
		},
		{
			"name": "guankawenliji2_json",
			"type": "sheet",
			"url": "assets/sucai/guanka/guankawenliji2.json",
			"subkeys": "2xuanzhong_png,3_png,3tongguo_png,3xuanzhong_png,4_png,4tongguo_png,4xuanzhong_png,5_png,5tongguo_png,5xuanzhong_png,6_png,6tongguo_png,6xuanzhong_png,7_png,7tongguo_png,7xuanzhong_png,8_png,8tongguo_png,8xuanzhong_png,9_png,9tongguo_png,9xuanzhong_png,10_png,10tongguo_png,10xuanzhong_png,11_png,11tongguo_png,11xuanzhong_png,12_png,12tongguo_png,12xuanzhong_png,13_png,13tongguo_png,13xuanzhong_png,youjiantou_png,zuojiantou_png,1_png,1tongguo_png,1xuanzhong_png,2_png,2tongguo_png"
		},
		{
			"name": "bg_png",
			"type": "image",
			"url": "assets/sucai/UI/bg.png"
		},
		{
			"name": "cangjieen_mp3",
			"type": "sound",
			"url": "assets/sucai/p3/comm/cangjieen.mp3"
		},
		{
			"name": "jiaobu_mp3",
			"type": "sound",
			"url": "assets/sucai/p3/comm/jiaobu.mp3"
		},
		{
			"name": "hanzi_mp3",
			"type": "sound",
			"url": "assets/sucai/page2/hanzi.mp3"
		},
		{
			"name": "qipao_mp3",
			"type": "sound",
			"url": "assets/sucai/page2/qipao.mp3"
		},
		{
			"name": "yutupaopao_mp3",
			"type": "sound",
			"url": "assets/sucai/page2/yutupaopao.mp3"
		},
		{
			"name": "guanka_mp3",
			"type": "sound",
			"url": "assets/sucai/page3/guanka.mp3"
		},
		{
			"name": "jianxiao_mp3",
			"type": "sound",
			"url": "assets/sucai/page3/jianxiao.mp3"
		},
		{
			"name": "jinchang_mp3",
			"type": "sound",
			"url": "assets/sucai/page3/jinchang.mp3"
		},
		{
			"name": "laoyu_mp3",
			"type": "sound",
			"url": "assets/sucai/page3/laoyu.mp3"
		},
		{
			"name": "luoxia_mp3",
			"type": "sound",
			"url": "assets/sucai/page3/luoxia.mp3"
		},
		{
			"name": "xiaoshi_mp3",
			"type": "sound",
			"url": "assets/sucai/page3/xiaoshi.mp3"
		},
		{
			"name": "shuiyin_png",
			"type": "image",
			"url": "assets/sucai/UI/shuiyin.png"
		}
	]
}