{
    "frameRate": 24,
    "name": "bgdonghua",
    "version": "5.5",
    "compatibleVersion": "5.5",
    "armature": [
        {
            "type": "Armature",
            "frameRate": 24,
            "name": "bgdonghua",
            "aabb": {
                "x": 1.3,
                "width": 1920,
                "height": 1080
            },
            "bone": [
                {
                    "name": "root",
                    "transform": {
                        "x": 960,
                        "y": 540
                    }
                },
                {
                    "name": "zong",
                    "parent": "root"
                },
                {
                    "length": 44,
                    "name": "lizi",
                    "parent": "root",
                    "transform": {
                        "x": 453.1236,
                        "y": 402.442
                    }
                },
                {
                    "length": 33,
                    "name": "xiaohuo",
                    "parent": "zong",
                    "transform": {
                        "x": 422.1164,
                        "y": 190.7885
                    }
                },
                {
                    "length": 45,
                    "name": "beijingda",
                    "parent": "zong",
                    "transform": {
                        "x": 423.4178,
                        "y": 186.8843
                    }
                },
                {
                    "length": 33,
                    "name": "liangguang",
                    "parent": "zong",
                    "transform": {
                        "x": 436.432,
                        "y": 332.5785
                    }
                },
                {
                    "length": 33,
                    "name": "huo",
                    "parent": "zong",
                    "transform": {
                        "x": 436.9878,
                        "y": 311.4548
                    }
                },
                {
                    "length": 33,
                    "name": "huo2",
                    "parent": "zong",
                    "transform": {
                        "x": 436.0005,
                        "y": 307.4601
                    }
                },
                {
                    "length": 33,
                    "name": "huo3",
                    "parent": "zong",
                    "transform": {
                        "x": 438.2757,
                        "y": 311.3034
                    }
                },
                {
                    "length": 33,
                    "name": "huocai",
                    "parent": "zong",
                    "transform": {
                        "x": 441.6377,
                        "y": 314.7287
                    }
                }
            ],
            "slot": [
                {
                    "name": "diyiguanbeijing",
                    "parent": "root"
                },
                {
                    "name": "daquan",
                    "parent": "beijingda"
                },
                {
                    "name": "xiaoquan",
                    "parent": "xiaohuo"
                },
                {
                    "name": "baisedimian",
                    "parent": "liangguang"
                },
                {
                    "name": "mucai",
                    "parent": "huocai"
                },
                {
                    "name": "huowai",
                    "parent": "huo"
                },
                {
                    "name": "huozhong",
                    "parent": "huo2"
                },
                {
                    "name": "huoxin",
                    "parent": "huo3"
                },
                {
                    "name": "lizi_1",
                    "parent": "lizi"
                }
            ],
            "skin": [
                {
                    "slot": [
                        {
                            "name": "baisedimian",
                            "display": [
                                {
                                    "name": "baisedimian"
                                }
                            ]
                        },
                        {
                            "name": "huoxin",
                            "display": [
                                {
                                    "name": "huoxin",
                                    "transform": {
                                        "y": -40.05
                                    }
                                }
                            ]
                        },
                        {
                            "name": "xiaoquan",
                            "display": [
                                {
                                    "name": "xiaoquan",
                                    "transform": {
                                        "x": 10.85
                                    }
                                }
                            ]
                        },
                        {
                            "name": "lizi_1",
                            "display": [
                                {
                                    "type": "armature",
                                    "name": "lizi_1",
                                    "transform": {
                                        "x": -18.38,
                                        "y": -81.21
                                    }
                                }
                            ]
                        },
                        {
                            "name": "huowai",
                            "display": [
                                {
                                    "name": "huowai",
                                    "transform": {
                                        "x": -6.38,
                                        "y": -99.7
                                    }
                                }
                            ]
                        },
                        {
                            "name": "diyiguanbeijing",
                            "display": [
                                {
                                    "name": "diyiguanbeijing",
                                    "transform": {
                                        "x": 1.3
                                    }
                                }
                            ]
                        },
                        {
                            "name": "mucai",
                            "display": [
                                {
                                    "name": "mucai"
                                }
                            ]
                        },
                        {
                            "name": "daquan",
                            "display": [
                                {
                                    "name": "daquan",
                                    "transform": {
                                        "x": 5.65
                                    }
                                }
                            ]
                        },
                        {
                            "name": "huozhong",
                            "display": [
                                {
                                    "name": "huozhong",
                                    "transform": {
                                        "y": -66.99
                                    }
                                }
                            ]
                        }
                    ]
                }
            ],
            "animation": [
                {
                    "duration": 33,
                    "playTimes": 0,
                    "name": "huodonghua",
                    "bone": [
                        {
                            "name": "huo",
                            "scaleFrame": [
                                {
                                    "duration": 16,
                                    "curve": [
                                        0,
                                        0,
                                        0.5145631067961165,
                                        1.7048192771084336
                                    ]
                                },
                                {
                                    "duration": 17,
                                    "curve": [
                                        0,
                                        0,
                                        0.5145631067961165,
                                        1.7048192771084336
                                    ],
                                    "x": 1.03,
                                    "y": 1.03
                                },
                                {
                                    "duration": 0
                                }
                            ]
                        },
                        {
                            "name": "huo2",
                            "scaleFrame": [
                                {
                                    "duration": 16,
                                    "curve": [
                                        0,
                                        0,
                                        0.5145631067961165,
                                        1.7048192771084336
                                    ]
                                },
                                {
                                    "duration": 17,
                                    "curve": [
                                        0,
                                        0,
                                        0.5145631067961165,
                                        1.7048192771084336
                                    ],
                                    "x": 0.98,
                                    "y": 0.98
                                },
                                {
                                    "duration": 0
                                }
                            ]
                        },
                        {
                            "name": "huo3",
                            "scaleFrame": [
                                {
                                    "duration": 16,
                                    "curve": [
                                        0,
                                        0,
                                        0.5145631067961165,
                                        1.7048192771084336
                                    ]
                                },
                                {
                                    "duration": 17,
                                    "curve": [
                                        0,
                                        0,
                                        0.5145631067961165,
                                        1.7048192771084336
                                    ],
                                    "x": 1.02,
                                    "y": 1.02
                                },
                                {
                                    "duration": 0
                                }
                            ]
                        }
                    ],
                    "slot": [
                        {
                            "name": "daquan",
                            "colorFrame": [
                                {
                                    "duration": 16,
                                    "curve": [
                                        0,
                                        0,
                                        0.5145631067961165,
                                        1.7048192771084336
                                    ],
                                    "value": {
                                        "aM": 2
                                    }
                                },
                                {
                                    "duration": 17,
                                    "curve": [
                                        0,
                                        0,
                                        0.5145631067961165,
                                        1.7048192771084336
                                    ]
                                },
                                {
                                    "duration": 0,
                                    "value": {
                                        "aM": 2
                                    }
                                }
                            ]
                        },
                        {
                            "name": "xiaoquan",
                            "colorFrame": [
                                {
                                    "duration": 16,
                                    "curve": [
                                        0,
                                        0,
                                        0.5145631067961165,
                                        1.7048192771084336
                                    ],
                                    "value": {
                                        "aM": 33
                                    }
                                },
                                {
                                    "duration": 17,
                                    "curve": [
                                        0,
                                        0,
                                        0.5145631067961165,
                                        1.7048192771084336
                                    ]
                                },
                                {
                                    "duration": 0,
                                    "value": {
                                        "aM": 33
                                    }
                                }
                            ]
                        },
                        {
                            "name": "baisedimian",
                            "colorFrame": [
                                {
                                    "duration": 16,
                                    "curve": [
                                        0,
                                        0,
                                        0.5145631067961165,
                                        1.7048192771084336
                                    ],
                                    "value": {
                                        "aM": 83
                                    }
                                },
                                {
                                    "duration": 17,
                                    "curve": [
                                        0,
                                        0,
                                        0.5145631067961165,
                                        1.7048192771084336
                                    ]
                                },
                                {
                                    "duration": 0,
                                    "value": {
                                        "aM": 83
                                    }
                                }
                            ]
                        },
                        {
                            "name": "huowai",
                            "colorFrame": [
                                {
                                    "duration": 16,
                                    "curve": [
                                        0,
                                        0,
                                        0.5145631067961165,
                                        1.7048192771084336
                                    ],
                                    "value": {
                                        "aM": 73
                                    }
                                },
                                {
                                    "duration": 17,
                                    "curve": [
                                        0,
                                        0,
                                        0.5145631067961165,
                                        1.7048192771084336
                                    ]
                                },
                                {
                                    "duration": 0,
                                    "value": {
                                        "aM": 73
                                    }
                                }
                            ]
                        },
                        {
                            "name": "huozhong",
                            "colorFrame": [
                                {
                                    "duration": 16,
                                    "curve": [
                                        0,
                                        0,
                                        0.5145631067961165,
                                        1.7048192771084336
                                    ],
                                    "value": {
                                        "aM": 73
                                    }
                                },
                                {
                                    "duration": 17,
                                    "curve": [
                                        0,
                                        0,
                                        0.5145631067961165,
                                        1.7048192771084336
                                    ]
                                },
                                {
                                    "duration": 0,
                                    "value": {
                                        "aM": 73
                                    }
                                }
                            ]
                        },
                        {
                            "name": "huoxin",
                            "colorFrame": [
                                {
                                    "duration": 16,
                                    "curve": [
                                        0,
                                        0,
                                        0.5145631067961165,
                                        1.7048192771084336
                                    ],
                                    "value": {
                                        "aM": 73
                                    }
                                },
                                {
                                    "duration": 17,
                                    "curve": [
                                        0,
                                        0,
                                        0.5145631067961165,
                                        1.7048192771084336
                                    ]
                                },
                                {
                                    "duration": 0,
                                    "value": {
                                        "aM": 73
                                    }
                                }
                            ]
                        }
                    ]
                }
            ],
            "defaultActions": [
                {
                    "gotoAndPlay": "huodonghua"
                }
            ]
        },
        {
            "type": "Armature",
            "frameRate": 24,
            "name": "lizi_1",
            "aabb": {
                "x": -101.81,
                "y": -36.69,
                "width": 223.89,
                "height": 63.3
            },
            "bone": [
                {
                    "name": "root"
                },
                {
                    "length": 44,
                    "name": "bone",
                    "parent": "root"
                },
                {
                    "length": 44,
                    "name": "bone1",
                    "parent": "root",
                    "transform": {
                        "x": 56.738,
                        "y": 4.1115,
                        "scX": 0.75,
                        "scY": 0.75
                    }
                },
                {
                    "length": 44,
                    "name": "bone2",
                    "parent": "root",
                    "transform": {
                        "x": -79.3096,
                        "y": -3.9252,
                        "scX": 0.4,
                        "scY": 0.4
                    }
                },
                {
                    "length": 44,
                    "name": "bone3",
                    "parent": "root",
                    "transform": {
                        "x": 64.4559,
                        "y": -9.7097,
                        "scX": 0.55,
                        "scY": 0.55
                    }
                }
            ],
            "slot": [
                {
                    "name": "lizi",
                    "parent": "bone"
                },
                {
                    "name": "lizi1",
                    "parent": "bone1"
                },
                {
                    "name": "lizi2",
                    "parent": "bone2"
                },
                {
                    "name": "lizi3",
                    "parent": "bone3"
                }
            ],
            "skin": [
                {
                    "slot": [
                        {
                            "name": "lizi",
                            "display": [
                                {
                                    "name": "lizi",
                                    "transform": {
                                        "x": -24.57,
                                        "y": -14.19
                                    }
                                }
                            ]
                        },
                        {
                            "name": "lizi1",
                            "display": [
                                {
                                    "name": "lizi"
                                }
                            ]
                        },
                        {
                            "name": "lizi2",
                            "display": [
                                {
                                    "name": "lizi"
                                }
                            ]
                        },
                        {
                            "name": "lizi3",
                            "display": [
                                {
                                    "name": "lizi",
                                    "transform": {
                                        "x": 63.86,
                                        "y": 7.91
                                    }
                                }
                            ]
                        }
                    ]
                }
            ],
            "animation": [
                {
                    "duration": 155,
                    "playTimes": 0,
                    "name": "lizi",
                    "bone": [
                        {
                            "name": "bone",
                            "translateFrame": [
                                {
                                    "duration": 44
                                },
                                {
                                    "duration": 30,
                                    "tweenEasing": 0
                                },
                                {
                                    "duration": 28,
                                    "tweenEasing": 0,
                                    "x": -47.24,
                                    "y": -199.24
                                },
                                {
                                    "duration": 53,
                                    "x": -38.2,
                                    "y": -261.68
                                }
                            ]
                        },
                        {
                            "name": "bone1",
                            "translateFrame": [
                                {
                                    "duration": 31
                                },
                                {
                                    "duration": 30,
                                    "tweenEasing": 0
                                },
                                {
                                    "duration": 28,
                                    "tweenEasing": 0,
                                    "x": -25.1,
                                    "y": -218.75
                                },
                                {
                                    "duration": 8,
                                    "tweenEasing": 0,
                                    "x": -18.53,
                                    "y": -269.94
                                },
                                {
                                    "duration": 30,
                                    "tweenEasing": 0
                                },
                                {
                                    "duration": 28,
                                    "tweenEasing": 0,
                                    "x": -25.1,
                                    "y": -218.75
                                },
                                {
                                    "duration": 0,
                                    "x": -18.53,
                                    "y": -269.94
                                }
                            ]
                        },
                        {
                            "name": "bone2",
                            "translateFrame": [
                                {
                                    "duration": 15
                                },
                                {
                                    "duration": 30,
                                    "tweenEasing": 0
                                },
                                {
                                    "duration": 28,
                                    "tweenEasing": 0,
                                    "x": -54.23,
                                    "y": -228.2
                                },
                                {
                                    "duration": 24,
                                    "tweenEasing": 0,
                                    "x": -75.59,
                                    "y": -283.25
                                },
                                {
                                    "duration": 30,
                                    "tweenEasing": 0
                                },
                                {
                                    "duration": 28,
                                    "tweenEasing": 0,
                                    "x": -54.23,
                                    "y": -228.2
                                },
                                {
                                    "duration": 0,
                                    "x": -75.59,
                                    "y": -283.25
                                }
                            ]
                        },
                        {
                            "name": "bone3",
                            "translateFrame": [
                                {
                                    "duration": 30,
                                    "tweenEasing": 0
                                },
                                {
                                    "duration": 28,
                                    "tweenEasing": 0,
                                    "x": 36.07,
                                    "y": -139.32
                                },
                                {
                                    "duration": 9,
                                    "tweenEasing": 0,
                                    "x": 30.45,
                                    "y": -253.65
                                },
                                {
                                    "duration": 30,
                                    "tweenEasing": 0
                                },
                                {
                                    "duration": 28,
                                    "tweenEasing": 0,
                                    "x": 36.07,
                                    "y": -139.32
                                },
                                {
                                    "duration": 30,
                                    "x": 30.45,
                                    "y": -253.65
                                }
                            ]
                        }
                    ],
                    "slot": [
                        {
                            "name": "lizi",
                            "colorFrame": [
                                {
                                    "duration": 44,
                                    "tweenEasing": 0,
                                    "value": {
                                        "aM": 0
                                    }
                                },
                                {
                                    "duration": 30,
                                    "tweenEasing": 0,
                                    "value": {
                                        "aM": 0
                                    }
                                },
                                {
                                    "duration": 28,
                                    "tweenEasing": 0
                                },
                                {
                                    "duration": 53,
                                    "value": {
                                        "aM": 0
                                    }
                                }
                            ]
                        },
                        {
                            "name": "lizi1",
                            "colorFrame": [
                                {
                                    "duration": 31,
                                    "tweenEasing": 0,
                                    "value": {
                                        "aM": 0
                                    }
                                },
                                {
                                    "duration": 30,
                                    "tweenEasing": 0,
                                    "value": {
                                        "aM": 0
                                    }
                                },
                                {
                                    "duration": 28,
                                    "tweenEasing": 0
                                },
                                {
                                    "duration": 8,
                                    "tweenEasing": 0,
                                    "value": {
                                        "aM": 0
                                    }
                                },
                                {
                                    "duration": 30,
                                    "tweenEasing": 0,
                                    "value": {
                                        "aM": 0
                                    }
                                },
                                {
                                    "duration": 28,
                                    "tweenEasing": 0
                                },
                                {
                                    "duration": 0,
                                    "value": {
                                        "aM": 0
                                    }
                                }
                            ]
                        },
                        {
                            "name": "lizi2",
                            "colorFrame": [
                                {
                                    "duration": 15,
                                    "tweenEasing": 0,
                                    "value": {
                                        "aM": 0
                                    }
                                },
                                {
                                    "duration": 30,
                                    "tweenEasing": 0,
                                    "value": {
                                        "aM": 0
                                    }
                                },
                                {
                                    "duration": 28,
                                    "tweenEasing": 0
                                },
                                {
                                    "duration": 24,
                                    "tweenEasing": 0,
                                    "value": {
                                        "aM": 0
                                    }
                                },
                                {
                                    "duration": 30,
                                    "tweenEasing": 0,
                                    "value": {
                                        "aM": 0
                                    }
                                },
                                {
                                    "duration": 28,
                                    "tweenEasing": 0
                                },
                                {
                                    "duration": 0,
                                    "value": {
                                        "aM": 0
                                    }
                                }
                            ]
                        },
                        {
                            "name": "lizi3",
                            "colorFrame": [
                                {
                                    "duration": 30,
                                    "tweenEasing": 0,
                                    "value": {
                                        "aM": 0
                                    }
                                },
                                {
                                    "duration": 28,
                                    "tweenEasing": 0
                                },
                                {
                                    "duration": 9,
                                    "tweenEasing": 0,
                                    "value": {
                                        "aM": 0
                                    }
                                },
                                {
                                    "duration": 30,
                                    "tweenEasing": 0,
                                    "value": {
                                        "aM": 0
                                    }
                                },
                                {
                                    "duration": 28,
                                    "tweenEasing": 0
                                },
                                {
                                    "duration": 30,
                                    "value": {
                                        "aM": 0
                                    }
                                }
                            ]
                        }
                    ]
                }
            ],
            "defaultActions": [
                {
                    "gotoAndPlay": "lizi"
                }
            ]
        }
    ]
}