{"width":2048,"imagePath":"bgdonghua_tex.png","height":2048,"name":"bgdonghua","SubTexture":[{"width":1920,"y":1,"height":1080,"name":"diyiguanbeijing","x":1},{"width":562,"y":1083,"height":518,"name":"daquan","x":1},{"width":357,"y":1603,"height":325,"name":"xiaoquan","x":1},{"width":288,"y":1930,"height":75,"name":"baisedimian","x":1},{"width":223,"y":1970,"height":69,"name":"mucai","x":291},{"width":172,"y":1603,"height":210,"name":"huowai","x":360},{"width":128,"y":1815,"height":153,"name":"huozhong","x":360},{"width":89,"y":1815,"height":92,"name":"huoxin","x":490},{"width":45,"y":1909,"height":45,"name":"lizi","x":490}]}