{
    "frameRate": 24,
    "name": "paizi",
    "version": "5.5",
    "compatibleVersion": "5.5",
    "armature": [
        {
            "type": "Armature",
            "frameRate": 24,
            "name": "paizi",
            "aabb": {
                "x": -92,
                "y": -29,
                "width": 190,
                "height": 283
            },
            "bone": [
                {
                    "name": "root"
                },
                {
                    "length": 33,
                    "name": "bone",
                    "parent": "root",
                    "transform": {
                        "x": -3,
                        "y": -1.5
                    }
                },
                {
                    "length": 33,
                    "name": "bone1",
                    "parent": "bone",
                    "transform": {
                        "y": 150
                    }
                }
            ],
            "slot": [
                {
                    "name": "xingzhuang1",
                    "parent": "bone"
                },
                {
                    "displayIndex": -1,
                    "name": "wenzi",
                    "parent": "bone1"
                }
            ],
            "skin": [
                {
                    "slot": [
                        {
                            "name": "wenzi"
                        },
                        {
                            "name": "xingzhuang1",
                            "display": [
                                {
                                    "name": "xingzhuang1",
                                    "transform": {
                                        "x": 6,
                                        "y": 114
                                    }
                                }
                            ]
                        }
                    ]
                }
            ],
            "animation": [
                {
                    "duration": 39,
                    "playTimes": 0,
                    "name": "putong",
                    "bone": [
                        {
                            "name": "bone",
                            "rotateFrame": [
                                {
                                    "duration": 20,
                                    "tweenEasing": 0
                                },
                                {
                                    "duration": 19,
                                    "tweenEasing": 0,
                                    "rotate": -3
                                },
                                {
                                    "duration": 0
                                }
                            ]
                        }
                    ]
                },
                {
                    "duration": 12,
                    "playTimes": 0,
                    "name": "dianji",
                    "bone": [
                        {
                            "name": "bone",
                            "rotateFrame": [
                                {
                                    "duration": 2,
                                    "tweenEasing": 0
                                },
                                {
                                    "duration": 2,
                                    "tweenEasing": 0,
                                    "rotate": -9
                                },
                                {
                                    "duration": 2,
                                    "tweenEasing": 0
                                },
                                {
                                    "tweenEasing": 0,
                                    "rotate": -9
                                },
                                {
                                    "tweenEasing": 0,
                                    "rotate": -4.5
                                },
                                {
                                    "duration": 2,
                                    "tweenEasing": 0
                                },
                                {
                                    "duration": 2,
                                    "tweenEasing": 0,
                                    "rotate": -9
                                },
                                {
                                    "duration": 0
                                }
                            ]
                        }
                    ]
                }
            ],
            "defaultActions": [
                {
                    "gotoAndPlay": "putong"
                }
            ]
        }
    ]
}