{
    "frameRate": 24,
    "name": "shibai",
    "version": "5.5",
    "compatibleVersion": "5.5",
    "armature": [
        {
            "type": "Armature",
            "frameRate": 24,
            "name": "shibai",
            "aabb": {
                "x": 510.67,
                "y": 286.96,
                "width": 966,
                "height": 476.18
            },
            "bone": [
                {
                    "name": "root",
                    "transform": {
                        "x": 959.9693,
                        "y": 591.2379
                    }
                },
                {
                    "length": 33,
                    "name": "bone",
                    "parent": "root",
                    "transform": {
                        "x": 34.8733,
                        "y": -181.7819
                    }
                },
                {
                    "length": 33,
                    "name": "bg",
                    "parent": "root",
                    "transform": {
                        "x": 33.6976,
                        "y": 1.8933
                    }
                },
                {
                    "length": 42,
                    "name": "btn",
                    "parent": "root"
                },
                {
                    "length": 33,
                    "name": "chengjidan",
                    "parent": "bg",
                    "transform": {
                        "x": 8.2591,
                        "y": 2.6807
                    }
                }
            ],
            "slot": [
                {
                    "name": "wanchengbg",
                    "parent": "bg"
                },
                {
                    "name": "tiaozhan",
                    "parent": "bone"
                },
                {
                    "name": "ceshichengjidan",
                    "parent": "chengjidan"
                }
            ],
            "skin": [
                {
                    "slot": [
                        {
                            "name": "ceshichengjidan",
                            "display": [
                                {
                                    "name": "ceshichengjidan",
                                    "path": "meiyoutongguo"
                                }
                            ]
                        },
                        {
                            "name": "tiaozhan",
                            "display": [
                                {
                                    "name": "tiaozhan",
                                    "path": "zhandoushibai"
                                }
                            ]
                        },
                        {
                            "name": "wanchengbg",
                            "display": [
                                {
                                    "name": "wanchengbg",
                                    "path": "shibaibg"
                                }
                            ]
                        }
                    ]
                }
            ],
            "animation": [
                {
                    "duration": 32,
                    "playTimes": 0,
                    "name": "shibai",
                    "bone": [
                        {
                            "name": "bone",
                            "translateFrame": [
                                {
                                    "duration": 32,
                                    "x": -25
                                }
                            ],
                            "scaleFrame": [
                                {
                                    "duration": 6,
                                    "tweenEasing": 0
                                },
                                {
                                    "duration": 15,
                                    "curve": [
                                        0,
                                        0,
                                        0.6884057971014493,
                                        2
                                    ],
                                    "x": 0.01,
                                    "y": 0.01
                                },
                                {
                                    "duration": 11
                                }
                            ]
                        },
                        {
                            "name": "bg",
                            "translateFrame": [
                                {
                                    "duration": 32,
                                    "x": -5
                                }
                            ],
                            "scaleFrame": [
                                {
                                    "duration": 6
                                },
                                {
                                    "duration": 13,
                                    "curve": [
                                        0,
                                        0,
                                        0.5724637681159419,
                                        1.5076923076923077
                                    ],
                                    "x": 0.01,
                                    "y": 0.01
                                },
                                {
                                    "duration": 13
                                }
                            ]
                        },
                        {
                            "name": "chengjidan",
                            "scaleFrame": [
                                {
                                    "duration": 11
                                },
                                {
                                    "duration": 19,
                                    "curve": [
                                        0,
                                        0,
                                        0.6024390243902439,
                                        1.7590361445783131
                                    ],
                                    "x": 0.3,
                                    "y": 0.3
                                },
                                {
                                    "duration": 2
                                }
                            ]
                        },
                        {
                            "name": "btn",
                            "translateFrame": [
                                {
                                    "duration": 32,
                                    "x": -7.28,
                                    "y": 484.75
                                }
                            ],
                            "scaleFrame": [
                                {
                                    "duration": 21
                                },
                                {
                                    "duration": 9,
                                    "curve": [
                                        0,
                                        0,
                                        0.606280193236715,
                                        1.9076923076923076
                                    ],
                                    "x": 0.55,
                                    "y": 0.55
                                },
                                {
                                    "duration": 2
                                }
                            ]
                        }
                    ],
                    "slot": [
                        {
                            "name": "tiaozhan",
                            "displayFrame": [
                                {
                                    "duration": 11,
                                    "value": -1
                                },
                                {
                                    "duration": 21
                                }
                            ]
                        },
                        {
                            "name": "ceshichengjidan",
                            "colorFrame": [
                                {
                                    "duration": 20,
                                    "tweenEasing": 0,
                                    "value": {
                                        "aM": 0
                                    }
                                },
                                {
                                    "duration": 12,
                                    "tweenEasing": 0,
                                    "value": {
                                        "aM": 0
                                    }
                                },
                                {
                                    "duration": 0
                                }
                            ]
                        }
                    ]
                }
            ],
            "defaultActions": [
                {
                    "gotoAndPlay": "shengli"
                }
            ]
        },
        {
            "type": "Armature",
            "frameRate": 24,
            "name": "guang",
            "aabb": {
                "x": -443,
                "y": -443,
                "width": 886,
                "height": 886
            },
            "bone": [
                {
                    "name": "root"
                },
                {
                    "name": "bone",
                    "parent": "root"
                }
            ],
            "slot": [
                {
                    "name": "光",
                    "parent": "bone"
                }
            ],
            "skin": [
                {
                    "slot": [
                        {
                            "name": "光",
                            "display": [
                                {
                                    "name": "光"
                                }
                            ]
                        }
                    ]
                }
            ],
            "animation": [
                {
                    "duration": 520,
                    "playTimes": 0,
                    "name": "shibai",
                    "bone": [
                        {
                            "name": "bone",
                            "rotateFrame": [
                                {
                                    "duration": 520,
                                    "tweenEasing": 0,
                                    "clockwise": 2
                                },
                                {
                                    "duration": 0
                                }
                            ]
                        }
                    ]
                }
            ],
            "defaultActions": [
                {
                    "gotoAndPlay": "newAnimation"
                }
            ]
        }
    ]
}