{"width":4096,"SubTexture":[{"width":2240,"y":2,"height":976,"name":"haitanqietu/2","x":2},{"width":2291,"y":980,"height":827,"name":"haitanqietu/3","x":2},{"width":1966,"y":1809,"height":188,"name":"haitanqietu/baise-lang","x":2},{"width":1536,"y":2,"height":257,"name":"haitanqietu/shuidi","x":2244},{"width":496,"y":261,"height":507,"name":"haitanqietu/tree","x":2244},{"width":139,"y":1809,"height":144,"name":"beike","x":1970},{"width":535,"y":770,"height":172,"name":"biaoti","x":2244},{"width":214,"y":1955,"height":91,"name":"info","x":1970}],"height":2048,"name":"changjing","imagePath":"changjing_tex_0.png"}