{"width":4096,"SubTexture":[{"width":1920,"y":979,"height":1080,"name":"haitanqietu/bg","x":1},{"width":2076,"y":979,"height":786,"name":"haitanqietu/daoju","x":1923},{"width":1982,"y":2890,"height":679,"name":"haitanqietu/1","x":1},{"width":2240,"y":1,"height":976,"name":"haitanqietu/2","x":1},{"width":2291,"y":2061,"height":827,"name":"haitanqietu/3","x":1},{"width":1966,"y":2890,"height":188,"name":"haitanqietu/baise-lang","x":1985},{"width":2099,"y":3571,"height":468,"name":"wave1","x":1},{"width":1536,"y":1767,"height":257,"name":"haitanqietu/shuidi","x":1923},{"width":496,"y":1767,"height":507,"name":"haitanqietu/tree","x":3461},{"width":139,"y":2450,"height":144,"name":"beike","x":3953},{"width":535,"y":2276,"height":172,"name":"biaoti","x":3461},{"width":214,"y":2596,"height":91,"name":"info","x":2294}],"height":4096,"name":"changjing","imagePath":"changjing_tex.png"}