{"width":2048,"SubTexture":[{"width":477,"y":1516,"height":324,"name":"light","x":1},{"width":1920,"y":1,"height":1080,"name":"acc","x":1},{"width":595,"y":1083,"height":431,"name":"taideng","x":1},{"frameX":-10,"frameHeight":300,"y":1842,"frameY":-103,"frameWidth":400,"width":251,"height":184,"name":"taili/taili0007","x":1},{"frameX":-40,"frameHeight":300,"y":1842,"frameY":-103,"frameWidth":400,"width":221,"height":184,"name":"taili/taili0008","x":254},{"frameX":-62,"frameHeight":300,"y":1455,"frameY":-103,"frameWidth":400,"width":199,"height":184,"name":"taili/taili0001","x":703},{"frameX":-62,"frameHeight":300,"y":1776,"frameY":-103,"frameWidth":400,"width":199,"height":184,"name":"taili/taili0009","x":681},{"frameX":-40,"frameHeight":300,"y":1516,"frameY":-29,"frameWidth":400,"width":221,"height":258,"name":"taili/taili0006","x":480},{"frameX":-62,"frameHeight":300,"y":1269,"frameY":-103,"frameWidth":400,"width":199,"height":184,"name":"taili/taili0003","x":598},{"frameX":-62,"frameHeight":300,"y":1776,"frameY":-24,"frameWidth":400,"width":199,"height":263,"name":"taili/taili0005","x":480},{"frameX":-62,"frameHeight":300,"y":1776,"frameY":-103,"frameWidth":400,"width":199,"height":184,"name":"taili/taili0004","x":882},{"frameX":-62,"frameHeight":300,"y":1083,"frameY":-103,"frameWidth":400,"width":199,"height":184,"name":"taili/taili0002","x":598},{"width":108,"y":1641,"height":128,"name":"riqi","x":703}],"height":2048,"name":"loading","imagePath":"loading_tex.png"}