{"width":512,"imagePath":"pangxie_tex.png","height":512,"name":"pangxie","SubTexture":[{"width":13,"y":165,"height":42,"name":"pangxie0qietu/eye-leg-left","x":495},{"width":13,"y":121,"height":42,"name":"pangxie0qietu/eye-leg-right","x":495},{"width":74,"y":77,"height":74,"name":"pangxie0qietu/eyel-right","x":401},{"width":74,"y":1,"height":74,"name":"pangxie0qietu/eyebg-left","x":401},{"width":31,"y":89,"height":30,"name":"pangxie0qietu/eye2right","x":477},{"width":31,"y":56,"height":31,"name":"pangxie0qietu/eye-left","x":477},{"width":69,"y":339,"height":67,"name":"pangxie0qietu/qianzi-arm-left","x":71},{"width":51,"y":257,"height":54,"name":"pangxie0qietu/qizni0-righterrer-bg","x":136},{"width":69,"y":168,"height":185,"name":"pangxie0qietu/qizni-right-0right","x":396},{"width":113,"y":168,"height":169,"name":"pangxie0qietu/qianzi-right-left","x":281},{"width":72,"y":191,"height":64,"name":"pangxie0qietu/qianzi-armright","x":71},{"width":49,"y":191,"height":56,"name":"pangxie0qietu/qizni0-errer-bg","x":145},{"width":68,"y":191,"height":185,"name":"pangxie0qietu/qizni-left-0right","x":1},{"width":118,"y":1,"height":165,"name":"pangxie0qietu/qianzi-left-left","x":281},{"width":64,"y":378,"height":54,"name":"pangxie0qietu/形状_69","x":1},{"width":26,"y":153,"height":53,"name":"pangxie0qietu/形状_61","x":467},{"width":63,"y":257,"height":54,"name":"pangxie0qietu/leg-right-shang","x":71},{"width":26,"y":1,"height":53,"name":"pangxie0qietu/leg-right-xia","x":477},{"width":278,"y":1,"height":188,"name":"pangxie0qietu/body","x":1}]}