{"frameRate":24,"name":"pangxie","version":"5.5","compatibleVersion":"5.5","armature":[{"type":"Armature","frameRate":24,"name":"Armature","aabb":{"x":-319,"y":-185,"width":584,"height":404},"bone":[{"name":"root"},{"length":100,"name":"leg-right-xia__bone","parent":"root","transform":{"x":95,"y":192.5}},{"length":100,"name":"eyebg-left__bone","parent":"root","transform":{"x":-77,"y":-71}},{"length":100,"name":"qianzi-armright__bone","parent":"root","transform":{"x":122,"y":3}},{"length":100,"name":"eye-leg-right__bone","parent":"root","transform":{"x":25.5,"y":-30}},{"length":100,"name":"qizni-left-0right__bone","parent":"root","transform":{"x":143,"y":-87.5}},{"length":100,"name":"eye-left__bone","parent":"root","transform":{"x":24.5,"y":-70.5}},{"length":100,"name":"leg-left-shagn__bone","parent":"root","transform":{"x":-132,"y":148}},{"length":100,"name":"qizni0-righterrer-bg__bone","parent":"root","transform":{"x":-231.5,"y":-56}},{"length":100,"name":"eye-leg-left__bone","parent":"root","transform":{"x":-79.5,"y":-34}},{"length":100,"name":"qizni-right-0right__bone","parent":"root","transform":{"x":-199.5,"y":-92.5}},{"length":100,"name":"qianzi-right-left__bone","parent":"root","transform":{"x":-262.5,"y":-83.5}},{"length":100,"name":"body__bone","parent":"root","transform":{"x":-28,"y":72}},{"length":100,"name":"eyel-right__bone","parent":"root","transform":{"x":24,"y":-71}},{"length":100,"name":"qizni0-errer-bg__bone","parent":"root","transform":{"x":175.5,"y":-51}},{"length":100,"name":"leg-right-shang__bone","parent":"root","transform":{"x":73.5,"y":152}},{"length":100,"name":"qianzi-left-left__bone","parent":"root","transform":{"x":206,"y":-76.5}},{"length":100,"name":"qianzi-arm-left__bone","parent":"root","transform":{"x":-181.5,"y":-0.5}},{"length":100,"name":"leg-left-xia__bone","parent":"root","transform":{"x":-154,"y":188.5}},{"length":100,"name":"eye2right__bone","parent":"root","transform":{"x":-76.5,"y":-71}}],"slot":[{"name":"eye-leg-left","parent":"eye-leg-left__bone"},{"name":"eye-leg-right","parent":"eye-leg-right__bone"},{"name":"eyel-right","parent":"eyel-right__bone"},{"name":"eyebg-left","parent":"eyebg-left__bone"},{"name":"eye2right","parent":"eye2right__bone"},{"name":"eye-left","parent":"eye-left__bone"},{"name":"qianzi-arm-left","parent":"qianzi-arm-left__bone"},{"name":"qizni0-righterrer-bg","parent":"qizni0-righterrer-bg__bone"},{"name":"qizni-right-0right","parent":"qizni-right-0right__bone"},{"name":"qianzi-right-left","parent":"qianzi-right-left__bone"},{"name":"qianzi-armright","parent":"qianzi-armright__bone"},{"name":"qizni0-errer-bg","parent":"qizni0-errer-bg__bone"},{"name":"qizni-left-0right","parent":"qizni-left-0right__bone"},{"name":"qianzi-left-left","parent":"qianzi-left-left__bone"},{"name":"leg-left-shagn","parent":"leg-left-shagn__bone"},{"name":"leg-left-xia","parent":"leg-left-xia__bone"},{"name":"leg-right-shang","parent":"leg-right-shang__bone"},{"name":"leg-right-xia","parent":"leg-right-xia__bone"},{"name":"body","parent":"body__bone"}],"skin":[{"slot":[{"name":"qianzi-armright","display":[{"name":"pangxie0qietu/qianzi-armright"}]},{"name":"body","display":[{"name":"pangxie0qietu/body"}]},{"name":"eyebg-left","display":[{"name":"pangxie0qietu/eyebg-left"}]},{"name":"qizni-left-0right","display":[{"name":"pangxie0qietu/qizni-left-0right"}]},{"name":"eye-left","display":[{"name":"pangxie0qietu/eye-left"}]},{"name":"leg-left-shagn","display":[{"name":"pangxie0qietu/形状_69"}]},{"name":"qizni0-righterrer-bg","display":[{"name":"pangxie0qietu/qizni0-righterrer-bg"}]},{"name":"leg-right-shang","display":[{"name":"pangxie0qietu/leg-right-shang"}]},{"name":"qianzi-right-left","display":[{"name":"pangxie0qietu/qianzi-right-left"}]},{"name":"leg-right-xia","display":[{"name":"pangxie0qietu/leg-right-xia"}]},{"name":"eyel-right","display":[{"name":"pangxie0qietu/eyel-right"}]},{"name":"qizni0-errer-bg","display":[{"name":"pangxie0qietu/qizni0-errer-bg"}]},{"name":"eye2right","display":[{"name":"pangxie0qietu/eye2right"}]},{"name":"qianzi-left-left","display":[{"name":"pangxie0qietu/qianzi-left-left"}]},{"name":"qianzi-arm-left","display":[{"name":"pangxie0qietu/qianzi-arm-left"}]},{"name":"leg-left-xia","display":[{"name":"pangxie0qietu/形状_61"}]},{"name":"qizni-right-0right","display":[{"name":"pangxie0qietu/qizni-right-0right"}]},{"name":"eye-leg-left","display":[{"name":"pangxie0qietu/eye-leg-left"}]},{"name":"eye-leg-right","display":[{"name":"pangxie0qietu/eye-leg-right"}]}]}],"defaultActions":[{}]}]}