{"frameRate":24,"name":"shatan","version":"5.5","compatibleVersion":"5.5","armature":[{"type":"Armature","frameRate":24,"name":"chanzi","aabb":{"x":-116,"y":-159.5,"width":266.5,"height":300},"bone":[{"name":"root"},{"name":"bone","parent":"root","transform":{"x":74}},{"name":"bone1","parent":"root"}],"slot":[{"name":"chanzi","parent":"bone"},{"displayIndex":-1,"name":"bone1","parent":"bone1"},{"name":"shatu","parent":"bone1"}],"skin":[{"slot":[{"name":"chanzi","display":[{"name":"chanzi"}]},{"name":"bone1"},{"name":"shatu","display":[{"type":"armature","name":"shatu","transform":{"x":-16,"y":-9.5,"scX":0.65,"scY":0.65}}]}]}],"animation":[{"duration":0,"playTimes":0,"name":"newAnimation"}],"defaultActions":[{"gotoAndPlay":"newAnimation"}]},{"type":"Armature","frameRate":24,"name":"shatu","aabb":{"x":-100,"y":-150,"width":200,"height":300},"bone":[{"name":"root"}],"slot":[{"displayIndex":2,"name":"root","parent":"root"}],"skin":[{"slot":[{"name":"root","display":[{"name":"shatannitu/nitu0003"},{"name":"shatannitu/nitu0002"},{"name":"shatannitu/nitu0001"}]}]}],"animation":[{"duration":10,"playTimes":0,"name":"newAnimation","slot":[{"name":"root","displayFrame":[{"duration":4,"value":2},{"duration":3,"value":1},{"duration":3}]}]}],"defaultActions":[{"gotoAndPlay":"newAnimation"}]}]}