{"frameRate":24,"name":"xiaodongwu","version":"5.5","compatibleVersion":"5.5","armature":[{"type":"Armature","frameRate":24,"name":"haixing","aabb":{"x":-40.26,"y":-33.74,"width":80,"height":77},"bone":[{"name":"root"},{"length":33,"name":"haixing__bone","parent":"root","transform":{"x":-1.3706,"y":-0.3729}}],"slot":[{"name":"haixing","parent":"haixing__bone"}],"skin":[{"slot":[{"name":"haixing","display":[{"type":"mesh","name":"shatanqietu/haixing","width":80,"height":77,"vertices":[-8.35,-38.25,8.95,-38.5,16.05,-19.4,40,-9.7,45.6,4.3,26.8,13.1,29.95,38.55,15.25,38.55,1.65,27.55,-14.1,38.55,-24.6,38.55,-25.1,13.35,-40,-0.85,-40,-11.3,-15.4,-17.55,-8.83,12.52,1.37,-15.28,-14.63,-3.48,9.27,11.77],"uvs":[0.39563,0.00325,0.61188,0,0.70062,0.24805,1,0.37403,1,0.58571,0.835,0.67013,0.87438,1.00065,0.69063,1.00065,0.52063,0.85779,0.32375,1.00065,0.1925,1.00065,0.18625,0.67338,0,0.48896,0,0.35325,0.3075,0.27208,0.38963,0.66264,0.51713,0.3016,0.31713,0.45484,0.61588,0.6529],"triangles":[5,4,3,2,5,3,18,7,5,2,18,5,5,7,6,16,18,2,18,8,7,1,16,2,16,17,18,17,15,18,15,8,18,0,16,1,0,14,16,14,17,16,15,9,8,11,10,9,11,9,15,17,11,15,12,11,17,14,13,17,13,12,17],"edges":[0,1,1,2,2,3,3,4,4,5,5,6,6,7,7,8,8,9,9,10,10,11,11,12,12,13,13,14,14,0],"userEdges":[]}]}]}],"animation":[{"duration":14,"playTimes":0,"name":"newAnimation","ffd":[{"name":"shatanqietu/haixing","slot":"haixing","frame":[{"duration":7,"tweenEasing":0},{"duration":7,"tweenEasing":0,"vertices":[-7,2.95,-7,2.95,-2.15,-0.2,-3.65,-8.7,-3.6,-7.75,1.4,-1.7,4.35,-5.8,5.9,-3.65,2.4,0.15,4.55,-0.45,4.55,-0.45,1.95,-0.55,1.1,6.85,1.1,6.85,-3.2,4.9,4.2,0.4,-3.85,3.55,-1.95,3.5,2.6,-1.95]},{"duration":0}]}]}],"defaultActions":[{"gotoAndPlay":"newAnimation"}]},{"type":"Armature","frameRate":24,"name":"hailuo","aabb":{"x":-38.98,"y":-29.65,"width":78,"height":59},"bone":[{"name":"root"},{"length":33,"name":"hailuo__bone","parent":"root","transform":{"x":0.0194,"y":-0.1489}}],"slot":[{"name":"hailuo","parent":"hailuo__bone"}],"skin":[{"slot":[{"name":"hailuo","display":[{"name":"shatanqietu/hailuo"}]}]}],"animation":[{"duration":47,"playTimes":0,"name":"newAnimation","bone":[{"name":"hailuo__bone","rotateFrame":[{"duration":26,"tweenEasing":0},{"duration":21,"tweenEasing":0,"rotate":9},{"duration":0}]}]}],"defaultActions":[{"gotoAndPlay":"newAnimation"}]},{"type":"Armature","frameRate":24,"name":"bakwuyong","aabb":{"x":-242,"y":-66,"width":480,"height":105},"bone":[{"name":"root"},{"length":33,"name":"hailuo__bone","parent":"root","transform":{"x":199,"y":0.5}},{"length":33,"name":"qianzi__bone","parent":"root","transform":{"x":-173,"y":-19}},{"length":33,"name":"haixing__bone","parent":"root","transform":{"x":-90,"y":-1.5}},{"length":33,"name":"eyebgright__bone","parent":"root","transform":{"x":-197,"y":-17.5}},{"length":33,"name":"you2__bone","parent":"root","transform":{"x":-178.5,"y":12}},{"length":33,"name":"you3__bone","parent":"root","transform":{"x":-184.5,"y":17}},{"length":33,"name":"eyebgleft__bone","parent":"root","transform":{"x":-210,"y":-16.5}},{"length":33,"name":"zhenzhulimian__bone","parent":"root","transform":{"x":121.5,"y":3.5}},{"length":33,"name":"you1__bone","parent":"root","transform":{"x":-176,"y":3.5}},{"length":33,"name":"zuo3__bone","parent":"root","transform":{"x":-220,"y":17}},{"length":33,"name":"zhenzhu__bone","parent":"root","transform":{"x":112.5,"y":-2.5}},{"length":33,"name":"shanbeisjhang__bone","parent":"root","transform":{"x":9,"y":-34.5}},{"length":33,"name":"eye-left__bone","parent":"root","transform":{"x":-210,"y":-16}},{"length":33,"name":"qinazi2__bone","parent":"root","transform":{"x":-229.5,"y":-19.5}},{"length":33,"name":"zuo1__bone","parent":"root","transform":{"x":-228,"y":3.5}},{"length":33,"name":"pangxiebody__bone","parent":"root","transform":{"x":-202,"y":5.5}},{"length":33,"name":"形状_59_拷贝__bone","parent":"root","transform":{"x":-196,"y":-10.5}},{"length":33,"name":"形状_59__bone","parent":"root","transform":{"x":-210.5,"y":-10.5}},{"length":33,"name":"pangxiexia__bone","parent":"root","transform":{"x":23.5,"y":19}},{"length":33,"name":"zuio2__bone","parent":"root","transform":{"x":-224.5,"y":12}},{"length":33,"name":"gaizi0-1__bone","parent":"root","transform":{"x":24.5,"y":8}},{"length":33,"name":"eye-right__bone","parent":"root","transform":{"x":-195,"y":-17}}],"slot":[{"name":"shanbeisjhang","parent":"shanbeisjhang__bone"},{"name":"pangxiexia","parent":"pangxiexia__bone"},{"name":"zhenzhu","parent":"zhenzhu__bone"},{"name":"zhenzhulimian","parent":"zhenzhulimian__bone"},{"name":"gaizi0-1","parent":"gaizi0-1__bone"},{"name":"haixing","parent":"haixing__bone"},{"name":"hailuo","parent":"hailuo__bone"},{"name":"形状_59","parent":"形状_59__bone"},{"name":"形状_59_拷贝","parent":"形状_59_拷贝__bone"},{"name":"eyebgright","parent":"eyebgright__bone"},{"name":"eyebgleft","parent":"eyebgleft__bone"},{"name":"eye-left","parent":"eye-left__bone"},{"name":"eye-right","parent":"eye-right__bone"},{"name":"qinazi2","parent":"qinazi2__bone"},{"name":"qianzi","parent":"qianzi__bone"},{"name":"zuo1","parent":"zuo1__bone"},{"name":"zuio2","parent":"zuio2__bone"},{"name":"zuo3","parent":"zuo3__bone"},{"name":"you1","parent":"you1__bone"},{"name":"you2","parent":"you2__bone"},{"name":"you3","parent":"you3__bone"},{"name":"pangxiebody","parent":"pangxiebody__bone"}],"skin":[{"slot":[{"name":"haixing","display":[{"name":"shatanqietu/haixing"}]},{"name":"qianzi","display":[{"name":"shatanqietu/qianzi"}]},{"name":"pangxiebody","display":[{"name":"shatanqietu/pangxiebody"}]},{"name":"eye-left","display":[{"name":"shatanqietu/eye-left"}]},{"name":"形状_59","display":[{"name":"shatanqietu/形状_59"}]},{"name":"zuio2","display":[{"name":"shatanqietu/zuio2"}]},{"name":"qinazi2","display":[{"name":"shatanqietu/qinazi2"}]},{"name":"eye-right","display":[{"name":"shatanqietu/eye-right"}]},{"name":"zuo1","display":[{"name":"shatanqietu/zuo1"}]},{"name":"hailuo","display":[{"name":"shatanqietu/hailuo"}]},{"name":"zuo3","display":[{"name":"shatanqietu/zuo3"}]},{"name":"zhenzhu","display":[{"name":"shatanqietu/zhenzhu"}]},{"name":"you3","display":[{"name":"shatanqietu/you3"}]},{"name":"形状_59_拷贝","display":[{"name":"shatanqietu/形状_59_拷贝"}]},{"name":"eyebgright","display":[{"name":"shatanqietu/eyebgright"}]},{"name":"gaizi0-1","display":[{"name":"shatanqietu/gaizi0-1"}]},{"name":"shanbeisjhang","display":[{"name":"shatanqietu/shanbeisjhang"}]},{"name":"pangxiexia","display":[{"name":"shatanqietu/pangxiexia"}]},{"name":"eyebgleft","display":[{"name":"shatanqietu/eyebgleft"}]},{"name":"you1","display":[{"name":"shatanqietu/you1"}]},{"name":"you2","display":[{"name":"shatanqietu/you2"}]},{"name":"zhenzhulimian","display":[{"name":"shatanqietu/zhenzhulimian"}]}]}],"animation":[{"duration":0,"playTimes":0,"name":"newAnimation"}],"defaultActions":[{"gotoAndPlay":"newAnimation"}]},{"type":"Armature","frameRate":24,"name":"beike","aabb":{"x":-43.8,"y":-61.76,"width":89.31,"height":87.28},"bone":[{"name":"root"},{"length":3,"name":"zhenzhulimian__bone","parent":"root","transform":{"x":4.1857,"y":-1.5838}},{"length":3,"name":"zhenzhu__bone","parent":"root","transform":{"x":2.9562,"y":-1.3588}},{"length":3,"name":"shanbeisjhang__bone","parent":"root","transform":{"x":3.4235,"y":-4.6831}},{"length":3,"name":"pangxiexia__bone","parent":"root","transform":{"x":0.7813,"y":5.5129}},{"length":3,"name":"gaizi0-1__bone","parent":"root","transform":{"x":0.4328,"y":-16.6242}}],"slot":[{"name":"shanbeisjhang","parent":"shanbeisjhang__bone"},{"name":"pangxiexia","parent":"pangxiexia__bone"},{"name":"zhenzhu","parent":"zhenzhu__bone"},{"name":"zhenzhulimian1","parent":"zhenzhulimian__bone"},{"name":"zhenzhulimian","parent":"zhenzhulimian__bone"},{"name":"gaizi0-1","parent":"gaizi0-1__bone"}],"skin":[{"slot":[{"name":"zhenzhulimian","display":[{"name":"shatanqietu/zhenzhulimian","transform":{"x":-2.17,"y":1.39,"scX":0.75,"scY":0.75}}]},{"name":"gaizi0-1","display":[{"name":"shatanqietu/gaizi0-1","transform":{"y":12.86}}]},{"name":"zhenzhu","display":[{"name":"shatanqietu/zhenzhu","transform":{"x":0.47,"y":-2.58}}]},{"name":"pangxiexia","display":[{"name":"shatanqietu/pangxiexia"}]},{"name":"shanbeisjhang","display":[{"type":"mesh","name":"shatanqietu/shanbeisjhang","width":82,"height":63,"vertices":[-31.45,-51.92,30.45,-51.87,-41.1,2.68,36.4,2.38,-17.72,-58.47,11.13,-58.47,41,-37.94,-41,-40.89,-41,-15.64,-17.27,4.53,18.88,4.53,41,-5.84,-17.97,-21.34,10.68,-24.94,26.18,-20.39],"uvs":[0,0,1,0,0,1,1,1,0.28386,0,0.63569,0,1,0.32584,0,0.27902,0,0.67981,0.28935,1,0.7302,1,1,0.83537,0.28081,0.58933,0.6302,0.53219,0.81923,0.60441],"triangles":[10,3,11,14,10,11,13,14,6,5,13,6,14,11,6,1,5,6,13,10,14,13,9,10,12,9,13,4,12,13,4,13,5,7,8,12,7,12,4,0,7,4,12,8,9,8,2,9],"edges":[0,4,4,5,5,1,1,6,7,0,2,8,8,7,9,2,3,10,10,9,6,11,11,3],"userEdges":[]}]},{"name":"zhenzhulimian1","display":[{"name":"shatanqietu/zhenzhulimian","transform":{"x":-4.48,"y":5.55,"scX":0.35,"scY":0.75}}]}]}],"animation":[{"duration":40,"playTimes":0,"name":"newAnimation","bone":[{"name":"zhenzhu__bone","scaleFrame":[{"duration":14,"tweenEasing":0,"x":0.3,"y":0.3},{"duration":26}]},{"name":"shanbeisjhang__bone","translateFrame":[{"duration":5,"tweenEasing":0,"x":-2.54,"y":8.72},{"duration":9,"tweenEasing":0,"x":-2.54,"y":14.41},{"duration":26,"x":-2.54,"y":-7.18}],"scaleFrame":[{"duration":14,"tweenEasing":0,"y":0.01},{"duration":26}]},{"name":"gaizi0-1__bone","translateFrame":[{"duration":6,"tweenEasing":0,"x":0.85,"y":1.09},{"duration":34,"x":0.85,"y":4.13}],"scaleFrame":[{"duration":8,"tweenEasing":0},{"duration":32,"y":0.29}]}],"slot":[{"name":"zhenzhulimian","colorFrame":[{"duration":10,"tweenEasing":0},{"duration":30,"value":{"aM":0}}]},{"name":"gaizi0-1","displayFrame":[{"duration":7},{"duration":33,"value":-1}]},{"name":"zhenzhulimian1","colorFrame":[{"duration":10,"tweenEasing":0},{"duration":30,"value":{"aM":0}}]}]}],"defaultActions":[{"gotoAndPlay":"newAnimation"}]},{"type":"Armature","frameRate":24,"name":"pangxie","aabb":{"x":-138.92,"y":-116.46,"width":278,"height":223.53},"bone":[{"name":"root","transform":{"scX":0.2,"scY":0.2}},{"length":100,"name":"body__bone","parent":"root","transform":{"x":0.3906,"y":65.3301}},{"length":100,"name":"leg-left-shagn__111111","parent":"body__bone","transform":{"x":-99.4217,"y":-17.2439,"skX":27,"skY":27}},{"length":100,"name":"leg-right-shang__1111","parent":"body__bone","transform":{"x":102.3214,"y":21.5915,"skX":-12,"skY":-12}},{"length":100,"name":"leg-left-shagn__bone","parent":"body__bone","transform":{"x":-64.8887,"y":57.8412}},{"length":100,"name":"eye-leg-right__bone","parent":"body__bone","transform":{"x":53.5,"y":-82.0952,"skX":6,"skY":6}},{"length":100,"name":"qianzi-armright__bone","parent":"body__bone","transform":{"x":118.1173,"y":-53.4603}},{"length":100,"name":"qianzi-arm-left__bone","parent":"body__bone","transform":{"x":-106.7062,"y":-59.3698}},{"length":100,"name":"leg-right-shang__0000","parent":"body__bone","transform":{"x":76.357,"y":53.4602}},{"length":100,"name":"leg-right-shang__2222","parent":"body__bone","transform":{"x":111.8564,"y":-23.8828,"skX":-28,"skY":-28}},{"length":100,"name":"leg-left-shagn__11111","parent":"body__bone","transform":{"x":-103.1385,"y":26.7059,"skX":10,"skY":10}},{"length":100,"name":"eye-leg-left__bone","parent":"body__bone","transform":{"x":-45.2143,"y":-89.0983,"skX":-6,"skY":-6}},{"length":100,"name":"leg-left-xia__bone11","parent":"leg-left-shagn__111111","transform":{"x":-45.4318,"y":38.8587}},{"length":100,"name":"leg-left-xia__bone","parent":"leg-left-shagn__bone","transform":{"x":-45.4318,"y":38.8587}},{"length":100,"name":"qizni0-errer-bg__bone","parent":"qianzi-armright__bone","transform":{"x":80.9477,"y":-80.7144}},{"length":100,"name":"qizni0-righterrer-bg__bone","parent":"qianzi-arm-left__bone","transform":{"x":-77.343,"y":-85.462}},{"length":100,"name":"qianzi-right-left__bone","parent":"qianzi-arm-left__bone","transform":{"x":-64.5802,"y":-47.4924}},{"length":100,"name":"qizni-right-0right__bone","parent":"qianzi-arm-left__bone","transform":{"x":-53.7247,"y":-51.0762}},{"length":100,"name":"leg-right-xia__bone","parent":"leg-right-shang__0000","transform":{"x":50.0652,"y":41.0587}},{"length":100,"name":"leg-right-xia__bone1","parent":"leg-right-shang__1111","transform":{"x":50.0652,"y":41.0587}},{"length":100,"name":"qianzi-left-left__bone","parent":"qianzi-armright__bone","transform":{"x":68.916,"y":-39.733}},{"length":100,"name":"leg-right-xia__bone11","parent":"leg-right-shang__2222","transform":{"x":50.0652,"y":41.0587}},{"length":100,"name":"eyel-right__bone","parent":"eye-leg-right__bone","transform":{"x":-2.4429,"y":-61.1493}},{"length":100,"name":"leg-left-xia__bone1","parent":"leg-left-shagn__11111","transform":{"x":-45.4318,"y":38.8587}},{"length":100,"name":"eyebg-left__bone","parent":"eye-leg-left__bone","transform":{"x":2.5,"y":-55.1588}},{"length":100,"name":"qizni-left-0right__bone","parent":"qianzi-armright__bone","transform":{"x":55.2866,"y":-52.3923}},{"length":100,"name":"eye-left__bone","parent":"eyel-right__bone","transform":{"x":0.5,"y":0.5}},{"length":100,"name":"eye2right__bone","parent":"eyebg-left__bone","transform":{"x":0.5}}],"slot":[{"name":"eye-leg-left","parent":"eye-leg-left__bone"},{"name":"eye-leg-right","parent":"eye-leg-right__bone"},{"name":"eyel-right","parent":"eyel-right__bone"},{"name":"eyebg-left","parent":"eyebg-left__bone"},{"name":"eye2right","parent":"eye2right__bone"},{"name":"eye-left","parent":"eye-left__bone"},{"name":"qianzi-arm-left","parent":"qianzi-arm-left__bone"},{"name":"qizni0-righterrer-bg","parent":"qizni0-righterrer-bg__bone"},{"name":"qizni-right-0right","parent":"qizni-right-0right__bone"},{"name":"qianzi-right-left","parent":"qianzi-right-left__bone"},{"name":"qianzi-armright","parent":"qianzi-armright__bone"},{"name":"qizni0-errer-bg","parent":"qizni0-errer-bg__bone"},{"name":"qizni-left-0right","parent":"qizni-left-0right__bone"},{"name":"qianzi-left-left","parent":"qianzi-left-left__bone"},{"name":"leg-left-shagn","parent":"leg-left-shagn__bone"},{"name":"leg-left-xia","parent":"leg-left-xia__bone"},{"name":"leg-right-shang","parent":"leg-right-shang__0000"},{"name":"leg-right-xia","parent":"leg-right-xia__bone"},{"name":"leg-right-shang1","parent":"leg-right-shang__1111"},{"name":"leg-right-xia1","parent":"leg-right-xia__bone1"},{"name":"leg-right-shang11","parent":"leg-right-shang__2222"},{"name":"leg-right-xia11","parent":"leg-right-xia__bone11"},{"name":"leg-left-shagn1","parent":"leg-left-shagn__11111"},{"name":"leg-left-xia1","parent":"leg-left-xia__bone1"},{"name":"leg-left-shagn11","parent":"leg-left-shagn__111111"},{"name":"leg-left-xia11","parent":"leg-left-xia__bone11"},{"name":"body","parent":"body__bone"}],"skin":[{"slot":[{"name":"eyebg-left","display":[{"name":"pangxie0qietu/eyebg-left"}]},{"name":"eye-left","display":[{"name":"pangxie0qietu/eye-left"}]},{"name":"leg-right-xia11","display":[{"name":"pangxie0qietu/leg-right-xia","transform":{"x":0.59,"y":20.15}}]},{"name":"qizni-left-0right","display":[{"name":"pangxie0qietu/qizni-left-0right","transform":{"x":-9.79,"y":-67.67}}]},{"name":"leg-left-xia11","display":[{"name":"pangxie0qietu/形状_61","transform":{"x":-1.4,"y":16.06}}]},{"name":"qianzi-arm-left","display":[{"name":"pangxie0qietu/qianzi-arm-left","transform":{"x":-27.34,"y":-29.96}}]},{"name":"leg-left-shagn1","display":[{"name":"pangxie0qietu/形状_69","transform":{"x":-23.78,"y":19.28}}]},{"name":"leg-right-shang","display":[{"name":"pangxie0qietu/leg-right-shang","transform":{"x":27.17,"y":22.98}}]},{"name":"eye-leg-left","display":[{"name":"pangxie0qietu/eye-leg-left","transform":{"y":-18.16}}]},{"name":"qizni0-errer-bg","display":[{"name":"pangxie0qietu/qizni0-errer-bg"}]},{"name":"leg-left-shagn11","display":[{"name":"pangxie0qietu/形状_69","transform":{"x":-23.78,"y":19.28}}]},{"name":"leg-right-shang1","display":[{"name":"pangxie0qietu/leg-right-shang","transform":{"x":27.17,"y":22.98}}]},{"name":"leg-right-xia1","display":[{"name":"pangxie0qietu/leg-right-xia","transform":{"x":0.59,"y":20.15}}]},{"name":"leg-left-xia","display":[{"name":"pangxie0qietu/形状_61","transform":{"x":-1.4,"y":16.06}}]},{"name":"qizni-right-0right","display":[{"name":"pangxie0qietu/qizni-right-0right","transform":{"x":11.55,"y":-74.69}}]},{"name":"eye2right","display":[{"name":"pangxie0qietu/eye2right"}]},{"name":"qianzi-armright","display":[{"name":"pangxie0qietu/qianzi-armright","transform":{"x":27.45,"y":-26.71}}]},{"name":"leg-right-shang11","display":[{"name":"pangxie0qietu/leg-right-shang","transform":{"x":27.17,"y":22.98}}]},{"name":"qizni0-righterrer-bg","display":[{"name":"pangxie0qietu/qizni0-righterrer-bg"}]},{"name":"eyel-right","display":[{"name":"pangxie0qietu/eyel-right"}]},{"name":"eye-leg-right","display":[{"name":"pangxie0qietu/eye-leg-right","transform":{"x":-0.94,"y":-20.15}}]},{"name":"leg-left-shagn","display":[{"name":"pangxie0qietu/形状_69","transform":{"x":-23.78,"y":19.28}}]},{"name":"leg-left-xia1","display":[{"name":"pangxie0qietu/形状_61","transform":{"x":-1.4,"y":16.06}}]},{"name":"body","display":[{"name":"pangxie0qietu/body"}]},{"name":"leg-right-xia","display":[{"name":"pangxie0qietu/leg-right-xia","transform":{"x":0.59,"y":20.15}}]},{"name":"qianzi-right-left","display":[{"name":"pangxie0qietu/qianzi-right-left","transform":{"x":-44.74,"y":-67.11}}]},{"name":"qianzi-left-left","display":[{"name":"pangxie0qietu/qianzi-left-left","transform":{"x":41.96,"y":-67.76}}]}]}],"animation":[{"duration":23,"playTimes":0,"name":"newAnimation","bone":[{"name":"leg-right-xia__bone","rotateFrame":[{"duration":10},{"duration":7,"tweenEasing":0},{"duration":6,"tweenEasing":0,"rotate":20},{"duration":0}]},{"name":"qianzi-armright__bone","rotateFrame":[{"duration":10,"tweenEasing":0},{"duration":11,"tweenEasing":0,"rotate":-14},{"duration":2}]},{"name":"eye-leg-right__bone","rotateFrame":[{"duration":9,"tweenEasing":0},{"duration":6,"tweenEasing":0,"rotate":-13},{"duration":8}]},{"name":"eye-left__bone","translateFrame":[{"duration":10,"tweenEasing":0},{"duration":10,"tweenEasing":0,"x":13.3,"y":1.12},{"duration":3}]},{"name":"leg-left-shagn__bone","rotateFrame":[{},{"duration":9,"tweenEasing":0},{"duration":11,"tweenEasing":0,"rotate":-15},{"duration":2}]},{"name":"eye-leg-left__bone","rotateFrame":[{"duration":9,"tweenEasing":0},{"duration":8,"tweenEasing":0,"rotate":4},{"duration":6}]},{"name":"qizni-right-0right__bone","rotateFrame":[{"duration":11,"tweenEasing":0},{"duration":10,"tweenEasing":0,"rotate":-28},{"duration":2}]},{"name":"leg-right-shang__0000","rotateFrame":[{"duration":5,"tweenEasing":0},{"duration":5,"tweenEasing":0,"rotate":-15},{"duration":13}]},{"name":"qianzi-left-left__bone","rotateFrame":[{"duration":11,"tweenEasing":0},{"duration":10,"tweenEasing":0,"rotate":-28},{"duration":2}]},{"name":"qianzi-arm-left__bone","rotateFrame":[{"duration":10,"tweenEasing":0},{"duration":11,"tweenEasing":0,"rotate":18},{"duration":2}]},{"name":"leg-left-xia__bone","rotateFrame":[{"duration":8},{"duration":8,"tweenEasing":0},{"duration":6,"tweenEasing":0,"rotate":20},{}]},{"name":"eye2right__bone","translateFrame":[{"duration":7,"tweenEasing":0},{"duration":8,"tweenEasing":0,"x":23.58,"y":1.19},{"duration":8}]},{"name":"leg-right-shang__1111","rotateFrame":[{"duration":4,"tweenEasing":0},{"duration":5,"tweenEasing":0,"rotate":-15},{"duration":14}]},{"name":"leg-right-xia__bone1","rotateFrame":[{"duration":7},{"duration":7,"tweenEasing":0},{"duration":6,"tweenEasing":0,"rotate":20},{"duration":3}]},{"name":"leg-right-shang__2222","rotateFrame":[{"duration":4,"tweenEasing":0},{"duration":5,"tweenEasing":0,"rotate":-15},{"duration":14}]},{"name":"leg-right-xia__bone11","rotateFrame":[{"duration":8},{"duration":8,"tweenEasing":0},{"duration":6,"tweenEasing":0,"rotate":20},{}]},{"name":"leg-left-shagn__11111","rotateFrame":[{"duration":4,"tweenEasing":0},{"duration":3,"tweenEasing":0,"rotate":-15},{"duration":16}]},{"name":"leg-left-xia__bone1","rotateFrame":[{"duration":8},{"duration":7,"tweenEasing":0},{"duration":6,"tweenEasing":0,"rotate":20},{"duration":2}]},{"name":"leg-left-shagn__111111","rotateFrame":[{"duration":3,"tweenEasing":0},{"duration":4,"tweenEasing":0,"rotate":-15},{"duration":16}]},{"name":"leg-left-xia__bone11","rotateFrame":[{"duration":8},{"duration":8,"tweenEasing":0},{"duration":6,"tweenEasing":0,"rotate":20},{}]}]}],"defaultActions":[{"gotoAndPlay":"newAnimation"}]}]}