{"width":512,"SubTexture":[{"width":80,"y":1,"height":77,"name":"shatanqietu/haixing","x":401},{"width":78,"y":191,"height":59,"name":"shatanqietu/hailuo","x":155},{"width":82,"y":191,"height":63,"name":"shatanqietu/shanbeisjhang","x":71},{"width":87,"y":322,"height":40,"name":"shatanqietu/pangxiexia","x":147},{"width":27,"y":308,"height":27,"name":"shatanqietu/zhenzhu","x":236},{"width":87,"y":448,"height":13,"name":"shatanqietu/zhenzhulimian","x":1},{"width":87,"y":339,"height":34,"name":"shatanqietu/gaizi0-1","x":236},{"width":1,"y":235,"height":7,"name":"shatanqietu/形状_59","x":277},{"width":2,"y":308,"height":7,"name":"shatanqietu/形状_59_拷贝","x":232},{"width":12,"y":308,"height":13,"name":"shatanqietu/eyebgright","x":265},{"width":12,"y":323,"height":13,"name":"shatanqietu/eyebgleft","x":265},{"width":6,"y":463,"height":6,"name":"shatanqietu/eye-left","x":82},{"width":6,"y":471,"height":6,"name":"shatanqietu/eye-right","x":82},{"width":25,"y":364,"height":39,"name":"shatanqietu/qinazi2","x":198},{"width":22,"y":448,"height":34,"name":"shatanqietu/qianzi","x":90},{"width":14,"y":308,"height":11,"name":"shatanqietu/zuo1","x":216},{"width":11,"y":496,"height":14,"name":"shatanqietu/zuio2","x":1},{"width":12,"y":235,"height":14,"name":"shatanqietu/zuo3","x":263},{"width":14,"y":495,"height":11,"name":"shatanqietu/you1","x":47},{"width":11,"y":495,"height":14,"name":"shatanqietu/you2","x":34},{"width":11,"y":496,"height":14,"name":"shatanqietu/you3","x":14},{"width":46,"y":415,"height":31,"name":"shatanqietu/pangxiebody","x":67},{"width":13,"y":463,"height":42,"name":"pangxie0qietu/eye-leg-left","x":67},{"width":13,"y":191,"height":42,"name":"pangxie0qietu/eye-leg-right","x":263},{"width":74,"y":80,"height":74,"name":"pangxie0qietu/eyel-right","x":401},{"width":74,"y":339,"height":74,"name":"pangxie0qietu/eyebg-left","x":71},{"width":31,"y":463,"height":30,"name":"pangxie0qietu/eye2right","x":34},{"width":31,"y":463,"height":31,"name":"pangxie0qietu/eye-left","x":1},{"width":69,"y":256,"height":67,"name":"pangxie0qietu/qianzi-arm-left","x":71},{"width":51,"y":339,"height":54,"name":"pangxie0qietu/qizni0-righterrer-bg","x":325},{"width":69,"y":168,"height":185,"name":"pangxie0qietu/qizni-right-0right","x":396},{"width":113,"y":168,"height":169,"name":"pangxie0qietu/qianzi-right-left","x":281},{"width":72,"y":256,"height":64,"name":"pangxie0qietu/qianzi-armright","x":142},{"width":49,"y":364,"height":56,"name":"pangxie0qietu/qizni0-errer-bg","x":147},{"width":68,"y":191,"height":185,"name":"pangxie0qietu/qizni-left-0right","x":1},{"width":118,"y":1,"height":165,"name":"pangxie0qietu/qianzi-left-left","x":281},{"width":64,"y":378,"height":54,"name":"pangxie0qietu/形状_69","x":1},{"width":26,"y":191,"height":53,"name":"pangxie0qietu/形状_61","x":235},{"width":63,"y":252,"height":54,"name":"pangxie0qietu/leg-right-shang","x":216},{"width":26,"y":415,"height":53,"name":"pangxie0qietu/leg-right-xia","x":115},{"width":278,"y":1,"height":188,"name":"pangxie0qietu/body","x":1}],"height":512,"name":"xiaodongwu","imagePath":"xiaodongwu_tex.png"}