{"width":4096,"SubTexture":[{"width":845,"y":1236,"height":671,"name":"xingzoubeijing","x":1609},{"width":845,"y":2582,"height":671,"name":"baisebeijing-1","x":1652},{"width":845,"y":2959,"height":671,"name":"shuozaijian","x":805},{"width":845,"y":1909,"height":671,"name":"baisebeijing","x":1609},{"frameWidth":151,"y":3849,"frameHeight":216,"width":141,"frameX":-5,"height":169,"name":"legleft","frameY":-47,"x":3953},{"frameWidth":151,"y":2164,"frameHeight":216,"width":135,"frameX":-9,"height":163,"name":"legright","frameY":-53,"x":3954},{"width":81,"y":1372,"height":88,"name":"handleft","x":856},{"width":81,"y":2655,"height":88,"name":"handright","x":3957},{"width":143,"y":2623,"height":148,"name":"armshangleft","x":3812},{"frameWidth":121,"y":1415,"frameHeight":189,"width":102,"frameX":0,"height":152,"name":"armxialeft","frameY":-37,"x":3990},{"width":143,"y":2473,"height":148,"name":"armshangright","x":3812},{"frameWidth":121,"y":1648,"frameHeight":189,"width":107,"frameX":-14,"height":168,"name":"armxiaright","frameY":-21,"x":3982},{"width":447,"y":3887,"height":178,"name":"trousers","x":3504},{"width":447,"y":1,"height":358,"name":"bodyshang","x":3421},{"width":424,"y":1700,"height":216,"name":"earleft","x":2456},{"width":424,"y":1416,"height":216,"name":"earright","x":2797},{"width":155,"y":2331,"height":140,"name":"hornleft","x":3812},{"width":155,"y":3935,"height":141,"name":"hornright","x":509},{"width":339,"y":361,"height":282,"name":"eyebgright","x":3421},{"width":339,"y":1416,"height":282,"name":"eyebgleft","x":2456},{"width":162,"y":2000,"height":162,"name":"eyeleft","x":3812},{"width":162,"y":1836,"height":162,"name":"eyeright","x":3812},{"width":853,"y":1,"height":734,"name":"face2","x":1711},{"width":853,"y":1,"height":734,"name":"face0","x":1},{"width":853,"y":1,"height":734,"name":"face1","x":2566},{"width":853,"y":1,"height":734,"name":"face4","x":856},{"width":853,"y":737,"height":734,"name":"face3","x":1},{"width":288,"y":737,"height":211,"name":"mousebg","x":3042},{"width":282,"y":361,"height":532,"name":"bang'b","x":3812},{"width":238,"y":950,"height":103,"name":"shangzuichun","x":3042},{"width":16,"y":1569,"height":76,"name":"renzhong","x":4077},{"width":125,"y":4000,"height":77,"name":"nose","x":2549},{"width":66,"y":2745,"height":102,"name":"mouse1","x":3963},{"width":138,"y":4020,"height":69,"name":"mouse2","x":3953},{"width":85,"y":837,"height":50,"name":"mouse3","x":3718},{"width":69,"y":1206,"height":26,"name":"notalk","x":3718},{"width":138,"y":645,"height":69,"name":"yachi_fyabang","x":3602},{"width":91,"y":2049,"height":107,"name":"mouse","x":3976},{"frameWidth":272,"y":645,"frameHeight":71,"width":179,"frameX":-47,"height":70,"name":"red","frameY":-1,"x":3421},{"width":372,"y":737,"height":508,"name":"sound (1)","x":3344},{"width":241,"y":3702,"height":231,"name":"sound (2)","x":509},{"width":506,"y":3702,"height":350,"name":"sound (3)","x":1},{"width":328,"y":3892,"height":175,"name":"sound (4)","x":1833},{"width":1156,"y":737,"height":497,"name":"dogndongerji","x":856},{"width":72,"y":716,"height":119,"name":"star_12","x":3718},{"width":188,"y":4000,"height":80,"name":"zuiba","x":2359},{"width":20,"y":2721,"height":20,"name":"kong","x":4040},{"width":354,"y":3892,"height":106,"name":"yanjingtishi","x":2359},{"width":114,"y":2414,"height":50,"name":"bizitishi","x":3969},{"width":703,"y":1236,"height":134,"name":"tishierduo","x":856},{"frameWidth":845,"y":3887,"frameHeight":671,"width":781,"frameX":-32,"height":196,"name":"desk","frameY":-475,"x":2721},{"width":886,"y":1092,"height":322,"name":"2","x":2456},{"width":886,"y":3568,"height":322,"name":"1","x":1833},{"width":140,"y":2164,"height":165,"name":"cemian/ce-eye","x":3812},{"frameWidth":192,"y":1648,"frameHeight":213,"width":168,"frameX":0,"height":186,"name":"cemian/ce-leg","frameY":-27,"x":3812},{"frameWidth":235,"y":3892,"frameHeight":225,"width":194,"frameX":-41,"height":203,"name":"cemian/ce-kucha1","frameY":-22,"x":2163},{"width":328,"y":1092,"height":124,"name":"cemian/ce-pigu","x":2014},{"frameWidth":276,"y":1,"frameHeight":220,"width":214,"frameX":0,"height":201,"name":"cemian/ce-kuchaer","frameY":-19,"x":3870},{"width":94,"y":2329,"height":83,"name":"cemian/ce-hand","x":3969},{"width":73,"y":1206,"height":183,"name":"cemian/ce-frontarm","x":4016},{"width":110,"y":1836,"height":211,"name":"cemian/ce-forearm","x":3976},{"width":337,"y":895,"height":309,"name":"cemian/ce_shenti","x":3718},{"width":802,"y":1473,"height":741,"name":"cemian/ce-head_2","x":1},{"width":802,"y":1473,"height":741,"name":"cemian/ce-head_0","x":805},{"width":802,"y":2216,"height":741,"name":"cemian/ce-head_1","x":805},{"width":802,"y":2216,"height":741,"name":"cemian/ce-head_3","x":1},{"width":802,"y":2959,"height":741,"name":"cemian/ce-head_4","x":1},{"width":85,"y":1569,"height":77,"name":"cemian/ce-weiba","x":3990},{"width":412,"y":1247,"height":267,"name":"cemian/ce-ear","x":3344},{"width":149,"y":2773,"height":137,"name":"cemian/ce-horn","x":3812},{"width":176,"y":1415,"height":231,"name":"cemian/ce-zuibai","x":3812},{"width":83,"y":1372,"height":68,"name":"cemian/ce-nouse","x":939},{"width":95,"y":3849,"height":25,"name":"cemian/ce-mouse-1","x":3760},{"width":93,"y":2473,"height":90,"name":"cemian/ce-mouse-2","x":3957},{"width":76,"y":3849,"height":30,"name":"cemian/ce-mouse-0","x":3857},{"width":88,"y":2565,"height":88,"name":"cemian/ce-mouse-3","x":3957},{"width":309,"y":3564,"height":283,"name":"qipao","x":3760},{"frameWidth":1192,"y":3564,"frameHeight":400,"width":1026,"frameX":-97,"height":321,"name":"xuanyun/xuanyun0005","frameY":-43,"x":2732},{"frameWidth":1192,"y":3255,"frameHeight":400,"width":1078,"frameX":-45,"height":307,"name":"xuanyun/xuanyun0003","frameY":-25,"x":2732},{"frameWidth":1192,"y":3255,"frameHeight":400,"width":1078,"frameX":-97,"height":311,"name":"xuanyun/xuanyun0004","frameY":-29,"x":1652},{"frameWidth":1192,"y":3632,"frameHeight":400,"width":1026,"frameX":-97,"height":347,"name":"xuanyun/xuanyun0002","frameY":-20,"x":805},{"frameWidth":1192,"y":737,"frameHeight":400,"width":1026,"frameX":-97,"height":353,"name":"xuanyun/xuanyun0001","frameY":-29,"x":2014},{"width":202,"y":1206,"height":207,"name":"xiaoheiren/qunzi","x":3812},{"width":187,"y":204,"height":155,"name":"xiaoheiren/head","x":3870},{"width":134,"y":3935,"height":136,"name":"xiaoheiren/hairright","x":666},{"width":90,"y":1092,"height":126,"name":"xiaoheiren/hairleft","x":2344},{"width":46,"y":2655,"height":64,"name":"xiaoheiren/xiuziright","x":4040},{"width":46,"y":645,"height":64,"name":"xiaoheiren/xiuzileft","x":3742},{"width":59,"y":2745,"height":80,"name":"xiaoheiren/arm-right","x":4031},{"width":43,"y":950,"height":119,"name":"xiaoheiren/leg","x":3282}],"height":4096,"name":"dongdongAnimation2x","imagePath":"dongdongAnimation2x_tex.png"}