{"frameRate":24,"name":"loading","version":"5.5","compatibleVersion":"5.5","armature":[{"type":"Armature","frameRate":24,"name":"guang","aabb":{"x":-190.5,"y":-169.5,"width":477,"height":324},"bone":[{"name":"root"},{"name":"bone","parent":"root"}],"slot":[{"name":"light","parent":"bone"}],"skin":[{"slot":[{"name":"light","display":[{"name":"light","transform":{"x":48,"y":-7.5}}]}]}],"animation":[{"duration":21,"playTimes":0,"name":"newAnimation","slot":[{"name":"light","colorFrame":[{"tweenEasing":0},{"tweenEasing":0,"value":{"aM":46}},{"duration":19,"tweenEasing":0,"value":{"aM":67}},{"duration":0}]}]}],"defaultActions":[{"gotoAndPlay":"newAnimation"}]},{"type":"Armature","frameRate":24,"name":"loading","aabb":{"width":1920,"height":1080},"bone":[{"name":"root","transform":{"x":960,"y":540}},{"name":"bone","parent":"root"},{"name":"gutou","parent":"root"},{"name":"bone1","parent":"root"},{"name":"taili","parent":"root","transform":{"x":58,"y":-2.45}}],"slot":[{"name":"acc","parent":"root"},{"name":"taideng","parent":"bone"},{"name":"light","parent":"bone1"},{"displayIndex":8,"name":"taili","parent":"taili"},{"displayIndex":-1,"name":"riqi","parent":"gutou"}],"skin":[{"slot":[{"name":"light","display":[{"type":"armature","name":"guang","transform":{"x":11.35,"y":5.85}}]},{"name":"acc","display":[{"name":"acc"}]},{"name":"riqi","display":[{"name":"riqi","transform":{"x":12.85,"y":58.75}}]},{"name":"taili","display":[{"name":"taili/taili0009"},{"name":"taili/taili0008"},{"name":"taili/taili0007"},{"name":"taili/taili0006"},{"name":"taili/taili0005"},{"name":"taili/taili0004"},{"name":"taili/taili0003"},{"name":"taili/taili0002"},{"name":"taili/taili0001"}]},{"name":"taideng","display":[{"name":"taideng"}]}]}],"animation":[{"duration":8,"playTimes":0,"name":"newAnimation","slot":[{"name":"taili","displayFrame":[{"value":8},{"value":7},{"value":6},{"value":5},{"value":4},{"value":3},{"value":2},{"value":1},{"duration":0}]}]}],"defaultActions":[{"gotoAndPlay":"newAnimation"}]}]}