{"width":512,"imagePath":"shatan_tex.png","height":512,"name":"shatan","SubTexture":[{"width":153,"y":234,"height":83,"name":"chanzi","x":141},{"y":1,"frameX":-56,"frameHeight":300,"frameY":-39,"width":125,"frameWidth":200,"height":231,"name":"shatannitu/nitu0003","x":135},{"y":1,"frameX":-40,"frameHeight":300,"frameY":-30,"width":132,"frameWidth":200,"height":260,"name":"shatannitu/nitu0001","x":1},{"y":263,"frameX":-45,"frameHeight":300,"frameY":-42,"width":138,"frameWidth":200,"height":222,"name":"shatannitu/nitu0002","x":1}]}