{"frameRate":24,"name":"taiozhanjieshu","version":"5.5","compatibleVersion":"5.5","armature":[{"type":"Armature","frameRate":24,"name":"tiaozhanjieshu","aabb":{"x":496.91,"y":-0.7,"width":966,"height":904.69},"bone":[{"name":"root","transform":{"x":959.9693,"y":538.2033}},{"length":33,"name":"bone","parent":"root","transform":{"x":34.8733,"y":-181.7819}},{"length":33,"name":"bg","parent":"root","transform":{"x":33.6976,"y":148.8167}},{"length":42,"name":"btn","parent":"root"},{"length":33,"name":"bone1","parent":"root","transform":{"y":-95.9016}},{"length":33,"name":"bone5","parent":"root"},{"length":33,"name":"bone4","parent":"root"},{"length":33,"name":"chengjidan","parent":"bg","transform":{"x":8.2591,"y":-210.6661}}],"slot":[{"displayIndex":1,"name":"光","parent":"bone1"},{"name":"wanchengbg","parent":"bg"},{"name":"tiaozhan","parent":"bone"},{"displayIndex":-1,"name":"ceshichengjidan","parent":"chengjidan"}],"skin":[{"slot":[{"name":"ceshichengjidan","display":[{"name":"ceshichengjidan"}]},{"name":"光","display":[{"name":"光"},{"type":"armature","name":"guang"}]},{"name":"tiaozhan","display":[{"name":"tiaozhan"}]},{"name":"wanchengbg","display":[{"name":"wanchengbg","transform":{"x":-13.75,"y":-88.03,"scY":0.7}}]}]}],"animation":[{"duration":40,"playTimes":0,"name":"shengli","bone":[{"name":"bone","translateFrame":[{"duration":40,"x":-25}],"scaleFrame":[{"duration":6,"tweenEasing":0},{"duration":15,"curve":[0,0,0.6884057971014493,2],"x":0.01,"y":0.01},{"duration":19}]},{"name":"bg","translateFrame":[{"duration":40,"x":-5}],"scaleFrame":[{"duration":6},{"duration":13,"curve":[0,0,0.5724637681159419,1.5076923076923077],"x":0.01,"y":0.01},{"duration":21}]},{"name":"btn","translateFrame":[{"duration":40,"x":-7.28,"y":484.75}],"scaleFrame":[{"duration":21},{"duration":9,"curve":[0,0,0.606280193236715,1.9076923076923076],"x":0.55,"y":0.55},{"duration":10}]}],"slot":[{"name":"tiaozhan","displayFrame":[{"duration":11,"value":-1},{"duration":29}]},{"name":"wanchengbg","displayFrame":[{"duration":6,"value":-1},{"duration":34}]},{"name":"ceshichengjidan","colorFrame":[{"duration":20,"tweenEasing":0,"value":{"aM":0}},{"duration":12,"tweenEasing":0,"value":{"aM":0}},{"duration":8}]},{"name":"光","colorFrame":[{"duration":19,"tweenEasing":0,"value":{"aM":0}},{"duration":20,"tweenEasing":0,"value":{"aM":0}},{}]}]}],"defaultActions":[{"gotoAndPlay":"shengli"}]},{"type":"Armature","frameRate":24,"name":"guang","aabb":{"x":-443,"y":-443,"width":886,"height":886},"bone":[{"name":"root"},{"name":"bone","parent":"root"}],"slot":[{"name":"光","parent":"bone"}],"skin":[{"slot":[{"name":"光","display":[{"name":"光"}]}]}],"animation":[{"duration":520,"playTimes":0,"name":"newAnimation","bone":[{"name":"bone","rotateFrame":[{"duration":520,"tweenEasing":0,"clockwise":2},{"duration":0}]}]}],"defaultActions":[{"gotoAndPlay":"newAnimation"}]}]}