{"width":512,"SubTexture":[{"frameWidth":251,"y":220,"frameHeight":221,"width":248,"frameX":0,"height":191,"name":"hua_01","frameY":-30,"x":1},{"frameWidth":240,"y":220,"frameHeight":221,"width":235,"frameX":-5,"height":150,"name":"hua_02","frameY":-57,"x":251},{"frameWidth":328,"y":1,"frameHeight":221,"width":328,"frameX":0,"height":217,"name":"hua_03","frameY":0,"x":1},{"frameWidth":184,"y":514,"frameHeight":184,"width":155,"frameX":-15,"height":156,"name":"c1","frameY":-13,"x":1},{"frameWidth":184,"y":672,"frameHeight":184,"width":152,"frameX":-18,"height":156,"name":"d1","frameY":-12,"x":1},{"frameWidth":184,"y":531,"frameHeight":184,"width":157,"frameX":-11,"height":153,"name":"l1","frameY":-17,"x":158},{"frameWidth":184,"y":1,"frameHeight":184,"width":157,"frameX":-10,"height":159,"name":"m1","frameY":-10,"x":331},{"frameWidth":184,"y":372,"frameHeight":184,"width":159,"frameX":-11,"height":157,"name":"x1","frameY":-9,"x":283},{"frameWidth":167,"y":686,"frameHeight":195,"width":135,"frameX":-28,"height":136,"name":"c","frameY":-25,"x":155},{"frameWidth":167,"y":824,"frameHeight":195,"width":137,"frameX":-3,"height":133,"name":"l","frameY":-29,"x":155},{"frameWidth":158,"y":830,"frameHeight":195,"width":132,"frameX":-22,"height":136,"name":"d","frameY":-24,"x":1},{"frameWidth":143,"y":670,"frameHeight":195,"width":137,"frameX":-3,"height":139,"name":"m","frameY":-22,"x":317},{"frameWidth":155,"y":531,"frameHeight":195,"width":139,"frameX":-3,"height":137,"name":"x","frameY":-21,"x":317},{"width":280,"y":413,"height":99,"name":"morebtn","x":1}],"height":1024,"name":"startgame","imagePath":"startgame_tex.png"}