{"frameRate":24,"name":"foot","version":"5.5","compatibleVersion":"5.5","armature":[{"type":"Armature","frameRate":24,"name":"foot","bone":[{"name":"root"},{"name":"bone","parent":"root"},{"name":"bone11","parent":"root","transform":{"x":375.1922,"y":564.7659,"skX":41,"skY":41}},{"name":"bone111","parent":"root","transform":{"x":388.1877,"y":476.1661,"skX":35,"skY":35}},{"name":"bone112","parent":"root","transform":{"x":585.4721,"y":380.8225,"skX":142,"skY":142}},{"name":"bone113","parent":"root","transform":{"x":658.9533,"y":473.5324,"skX":101,"skY":101}},{"name":"bone114","parent":"root","transform":{"x":712.519,"y":558.6882,"skX":142,"skY":142}},{"name":"bone115","parent":"root","transform":{"x":895.2545,"y":556.7872,"skX":24,"skY":24}},{"name":"bone116","parent":"root","transform":{"x":922.9,"y":472.0237,"skX":12,"skY":12}},{"name":"bone117","parent":"root","transform":{"x":984.8958,"y":414.6832,"skX":41,"skY":41}},{"name":"bone118","parent":"root","transform":{"x":1233.5488,"y":340.222,"skX":119,"skY":119}},{"name":"bone119","parent":"root","transform":{"x":1328.4309,"y":345.1327,"skX":84,"skY":84}},{"name":"bone1110","parent":"root","transform":{"x":1552.4279,"y":563.5648,"skX":179,"skY":179}},{"name":"bone1111","parent":"root","transform":{"x":1587.1238,"y":661.7533,"skX":178,"skY":178}},{"name":"bone1","parent":"root","transform":{"x":294.8864,"y":450.4879,"skX":32,"skY":32}},{"name":"bone12","parent":"root","transform":{"x":377.1175,"y":372.7952,"skX":32,"skY":32}},{"name":"bone13","parent":"root","transform":{"x":578.7805,"y":380.6604,"skX":144,"skY":144}},{"name":"bone14","parent":"root","transform":{"x":602.6682,"y":469.837,"skX":105,"skY":105}},{"name":"bone15","parent":"root","transform":{"x":659.4887,"y":525.5158,"skX":142,"skY":142}},{"name":"bone16","parent":"root","transform":{"x":762.1978,"y":736.6994,"skX":128,"skY":128}},{"name":"bone17","parent":"root","transform":{"x":833.985,"y":790.3517,"skX":139,"skY":139}},{"name":"bone18","parent":"root","transform":{"x":944.5424,"y":660.7874,"skX":32,"skY":32}},{"name":"bone19","parent":"root","transform":{"x":987.6366,"y":591.3987,"skX":10,"skY":10}},{"name":"bone110","parent":"root","transform":{"x":1019.7288,"y":490.9765,"skX":32,"skY":32}},{"name":"bone120","parent":"root","transform":{"x":1268.5989,"y":352.7167,"skX":118,"skY":118}},{"name":"bone121","parent":"root","transform":{"x":1356.5387,"y":367.4674,"skX":125,"skY":125}},{"name":"bone122","parent":"root","transform":{"x":1574.6412,"y":605.3068,"skX":180,"skY":180}},{"name":"bone123","parent":"root","transform":{"x":1601.5723,"y":704.4738,"skX":180,"skY":180}}],"slot":[{"displayIndex":-1,"name":"foot","parent":"bone"},{"displayIndex":-1,"name":"foot11","parent":"bone11"},{"displayIndex":-1,"name":"foot111","parent":"bone111"},{"displayIndex":-1,"name":"foot112","parent":"bone112"},{"displayIndex":-1,"name":"foot113","parent":"bone113"},{"displayIndex":-1,"name":"foot114","parent":"bone114"},{"displayIndex":-1,"name":"foot115","parent":"bone115"},{"displayIndex":-1,"name":"foot116","parent":"bone116"},{"displayIndex":-1,"name":"foot117","parent":"bone117"},{"displayIndex":-1,"name":"foot118","parent":"bone118"},{"displayIndex":-1,"name":"foot119","parent":"bone119"},{"displayIndex":-1,"name":"foot1110","parent":"bone1110"},{"displayIndex":-1,"name":"foot1111","parent":"bone1111"},{"displayIndex":-1,"name":"foot1","parent":"bone1"},{"displayIndex":-1,"name":"foot12","parent":"bone12"},{"displayIndex":-1,"name":"foot13","parent":"bone13"},{"displayIndex":-1,"name":"foot14","parent":"bone14"},{"displayIndex":-1,"name":"foot15","parent":"bone15"},{"displayIndex":-1,"name":"foot16","parent":"bone16"},{"displayIndex":-1,"name":"foot17","parent":"bone17"},{"displayIndex":-1,"name":"foot18","parent":"bone18"},{"displayIndex":-1,"name":"foot19","parent":"bone19"},{"displayIndex":-1,"name":"foot110","parent":"bone110"},{"displayIndex":-1,"name":"foot120","parent":"bone120"},{"displayIndex":-1,"name":"foot121","parent":"bone121"},{"displayIndex":-1,"name":"foot122","parent":"bone122"},{"displayIndex":-1,"name":"foot123","parent":"bone123"}],"skin":[{"slot":[{"name":"foot115","display":[{"name":"foot","transform":{"x":3.52,"y":-3.32,"skX":-36,"skY":-36}}]},{"name":"foot110","display":[{"name":"foot","transform":{"x":1.14,"y":-5.11,"skX":-36,"skY":-36}}]},{"name":"foot13","display":[{"name":"foot","transform":{"x":1.14,"y":-5.11,"skX":-36,"skY":-36}}]},{"name":"foot117","display":[{"name":"foot","transform":{"x":3.52,"y":-3.32,"skX":-36,"skY":-36}}]},{"name":"foot111","display":[{"name":"foot","transform":{"x":3.52,"y":-3.32,"skX":-36,"skY":-36}}]},{"name":"foot123","display":[{"name":"foot","transform":{"x":1.14,"y":-5.11,"skX":-36,"skY":-36}}]},{"name":"foot17","display":[{"name":"foot","transform":{"x":1.14,"y":-5.11,"skX":-36,"skY":-36}}]},{"name":"foot1111","display":[{"name":"foot","transform":{"x":3.52,"y":-3.32,"skX":-36,"skY":-36}}]},{"name":"foot114","display":[{"name":"foot","transform":{"x":3.52,"y":-3.32,"skX":-36,"skY":-36}}]},{"name":"foot120","display":[{"name":"foot","transform":{"x":1.14,"y":-5.11,"skX":-36,"skY":-36}}]},{"name":"foot14","display":[{"name":"foot","transform":{"x":1.14,"y":-5.11,"skX":-36,"skY":-36}}]},{"name":"foot118","display":[{"name":"foot","transform":{"x":3.52,"y":-3.32,"skX":-36,"skY":-36}}]},{"name":"foot11","display":[{"name":"foot","transform":{"x":3.52,"y":-3.32,"skX":-36,"skY":-36}}]},{"name":"foot18","display":[{"name":"foot","transform":{"x":1.14,"y":-5.11,"skX":-36,"skY":-36}}]},{"name":"foot1","display":[{"name":"foot","transform":{"x":1.14,"y":-5.11,"skX":-36,"skY":-36}}]},{"name":"foot113","display":[{"name":"foot","transform":{"x":3.52,"y":-3.32,"skX":-36,"skY":-36}}]},{"name":"foot121","display":[{"name":"foot","transform":{"x":1.14,"y":-5.11,"skX":-36,"skY":-36}}]},{"name":"foot15","display":[{"name":"foot","transform":{"x":1.14,"y":-5.11,"skX":-36,"skY":-36}}]},{"name":"foot119","display":[{"name":"foot","transform":{"x":3.52,"y":-3.32,"skX":-36,"skY":-36}}]},{"name":"foot","display":[{"name":"foot","transform":{"x":322.17,"y":631.56,"skX":-36,"skY":-36}}]},{"name":"foot116","display":[{"name":"foot","transform":{"x":3.52,"y":-3.32,"skX":-36,"skY":-36}}]},{"name":"foot19","display":[{"name":"foot","transform":{"x":1.14,"y":-5.11,"skX":-36,"skY":-36}}]},{"name":"foot12","display":[{"name":"foot","transform":{"x":1.14,"y":-5.11,"skX":-36,"skY":-36}}]},{"name":"foot112","display":[{"name":"foot","transform":{"x":3.52,"y":-3.32,"skX":-36,"skY":-36}}]},{"name":"foot122","display":[{"name":"foot","transform":{"x":1.14,"y":-5.11,"skX":-36,"skY":-36}}]},{"name":"foot16","display":[{"name":"foot","transform":{"x":1.14,"y":-5.11,"skX":-36,"skY":-36}}]},{"name":"foot1110","display":[{"name":"foot","transform":{"x":3.52,"y":-3.32,"skX":-36,"skY":-36}}]}]}],"animation":[{"duration":36,"playTimes":0,"name":"foot1","frame":[{"duration":6},{"duration":9,"events":[{"name":"to2"}]},{"duration":9,"events":[{"name":"to3"}]},{"duration":7,"events":[{"name":"to4"}]},{"duration":5,"events":[{"name":"to5"}]},{"duration":0,"events":[{"name":"to6"}]}],"slot":[{"name":"foot","displayFrame":[{"duration":3,"value":-1},{"duration":33}]},{"name":"foot11","displayFrame":[{"duration":3,"value":-1},{"duration":33}]},{"name":"foot111","displayFrame":[{"duration":6,"value":-1},{"duration":30}]},{"name":"foot112","displayFrame":[{"duration":9,"value":-1},{"duration":27}]},{"name":"foot113","displayFrame":[{"duration":12,"value":-1},{"duration":24}]},{"name":"foot114","displayFrame":[{"duration":15,"value":-1},{"duration":21}]},{"name":"foot115","displayFrame":[{"duration":18,"value":-1},{"duration":18}]},{"name":"foot116","displayFrame":[{"duration":21,"value":-1},{"duration":15}]},{"name":"foot117","displayFrame":[{"duration":24,"value":-1},{"duration":12}]},{"name":"foot118","displayFrame":[{"duration":27,"value":-1},{"duration":9}]},{"name":"foot119","displayFrame":[{"duration":30,"value":-1},{"duration":6}]},{"name":"foot1110","displayFrame":[{"duration":33,"value":-1},{"duration":3}]},{"name":"foot1111","displayFrame":[{"duration":36,"value":-1},{"duration":0}]}]},{"duration":42,"playTimes":0,"name":"foot2","frame":[{"duration":6},{"duration":9,"events":[{"name":"to8"}]},{"duration":6,"events":[{"name":"to9"}]},{"duration":9,"events":[{"name":"to10"}]},{"duration":6,"events":[{"name":"to11"}]},{"duration":6,"events":[{"name":"to12"}]},{"duration":0,"events":[{"name":"to13"}]}],"slot":[{"name":"foot1","displayFrame":[{"duration":3,"value":-1},{"duration":39}]},{"name":"foot12","displayFrame":[{"duration":6,"value":-1},{"duration":36}]},{"name":"foot13","displayFrame":[{"duration":9,"value":-1},{"duration":33}]},{"name":"foot14","displayFrame":[{"duration":12,"value":-1},{"duration":30}]},{"name":"foot15","displayFrame":[{"duration":15,"value":-1},{"duration":27}]},{"name":"foot16","displayFrame":[{"duration":18,"value":-1},{"duration":24}]},{"name":"foot17","displayFrame":[{"duration":21,"value":-1},{"duration":21}]},{"name":"foot18","displayFrame":[{"duration":24,"value":-1},{"duration":18}]},{"name":"foot19","displayFrame":[{"duration":27,"value":-1},{"duration":15}]},{"name":"foot110","displayFrame":[{"duration":30,"value":-1},{"duration":12}]},{"name":"foot120","displayFrame":[{"duration":33,"value":-1},{"duration":9}]},{"name":"foot121","displayFrame":[{"duration":36,"value":-1},{"duration":6}]},{"name":"foot122","displayFrame":[{"duration":39,"value":-1},{"duration":3}]},{"name":"foot123","displayFrame":[{"duration":42,"value":-1},{"duration":0}]}]}],"defaultActions":[{"gotoAndPlay":"foot1"}]},{"type":"Armature","frameRate":24,"name":"footjianbian","aabb":{"x":-26.5,"y":-25,"width":53,"height":50},"bone":[{"name":"root"},{"name":"bone","parent":"root"}],"slot":[{"name":"foot","parent":"bone"}],"skin":[{"slot":[{"name":"foot","display":[{"name":"foot"}]}]}],"animation":[{"duration":8,"playTimes":0,"name":"footanimation","slot":[{"name":"foot","colorFrame":[{"duration":8,"tweenEasing":0,"value":{"aM":54}},{"duration":0}]}]}],"defaultActions":[{"gotoAndPlay":"footanimation"}]}]}