{"file":"guankawenliji2.png","frames":{
"2xuanzhong_png":{"x":424,"y":398,"w":212,"h":199,"offX":13,"offY":8,"sourceW":233,"sourceH":218},
"3_png":{"x":1445,"y":377,"w":197,"h":185,"offX":21,"offY":14,"sourceW":233,"sourceH":218},
"3tongguo_png":{"x":848,"y":192,"w":200,"h":192,"offX":17,"offY":14,"sourceW":233,"sourceH":218},
"3xuanzhong_png":{"x":212,"y":597,"w":212,"h":199,"offX":13,"offY":8,"sourceW":233,"sourceH":218},
"4_png":{"x":836,"y":754,"w":197,"h":185,"offX":21,"offY":14,"sourceW":233,"sourceH":218},
"4tongguo_png":{"x":1848,"y":0,"w":200,"h":192,"offX":17,"offY":14,"sourceW":233,"sourceH":218},
"4xuanzhong_png":{"x":0,"y":796,"w":212,"h":199,"offX":13,"offY":8,"sourceW":233,"sourceH":218},
"5_png":{"x":836,"y":569,"w":197,"h":185,"offX":21,"offY":14,"sourceW":233,"sourceH":218},
"5tongguo_png":{"x":1448,"y":0,"w":200,"h":192,"offX":17,"offY":14,"sourceW":233,"sourceH":218},
"5xuanzhong_png":{"x":636,"y":0,"w":212,"h":199,"offX":13,"offY":8,"sourceW":233,"sourceH":218},
"6_png":{"x":1642,"y":192,"w":197,"h":185,"offX":21,"offY":14,"sourceW":233,"sourceH":218},
"6tongguo_png":{"x":1048,"y":0,"w":200,"h":192,"offX":17,"offY":14,"sourceW":233,"sourceH":218},
"6xuanzhong_png":{"x":424,"y":199,"w":212,"h":199,"offX":13,"offY":8,"sourceW":233,"sourceH":218},
"7_png":{"x":1642,"y":377,"w":197,"h":185,"offX":21,"offY":14,"sourceW":233,"sourceH":218},
"7tongguo_png":{"x":424,"y":597,"w":200,"h":192,"offX":17,"offY":14,"sourceW":233,"sourceH":218},
"7xuanzhong_png":{"x":212,"y":398,"w":212,"h":199,"offX":13,"offY":8,"sourceW":233,"sourceH":218},
"8_png":{"x":1033,"y":569,"w":197,"h":185,"offX":21,"offY":14,"sourceW":233,"sourceH":218},
"8tongguo_png":{"x":848,"y":0,"w":200,"h":192,"offX":17,"offY":14,"sourceW":233,"sourceH":218},
"8xuanzhong_png":{"x":0,"y":597,"w":212,"h":199,"offX":13,"offY":8,"sourceW":233,"sourceH":218},
"9_png":{"x":1839,"y":192,"w":197,"h":185,"offX":21,"offY":14,"sourceW":233,"sourceH":218},
"9tongguo_png":{"x":1048,"y":192,"w":200,"h":192,"offX":17,"offY":14,"sourceW":233,"sourceH":218},
"9xuanzhong_png":{"x":424,"y":0,"w":212,"h":199,"offX":13,"offY":8,"sourceW":233,"sourceH":218},
"10_png":{"x":1248,"y":377,"w":197,"h":185,"offX":21,"offY":14,"sourceW":233,"sourceH":218},
"10tongguo_png":{"x":1648,"y":0,"w":200,"h":192,"offX":17,"offY":14,"sourceW":233,"sourceH":218},
"10xuanzhong_png":{"x":212,"y":199,"w":212,"h":199,"offX":13,"offY":8,"sourceW":233,"sourceH":218},
"11_png":{"x":836,"y":384,"w":197,"h":185,"offX":21,"offY":14,"sourceW":233,"sourceH":218},
"11tongguo_png":{"x":636,"y":391,"w":200,"h":192,"offX":17,"offY":14,"sourceW":233,"sourceH":218},
"11xuanzhong_png":{"x":0,"y":398,"w":212,"h":199,"offX":13,"offY":8,"sourceW":233,"sourceH":218},
"12_png":{"x":1033,"y":754,"w":197,"h":185,"offX":21,"offY":14,"sourceW":233,"sourceH":218},
"12tongguo_png":{"x":636,"y":199,"w":200,"h":192,"offX":17,"offY":14,"sourceW":233,"sourceH":218},
"12xuanzhong_png":{"x":212,"y":0,"w":212,"h":199,"offX":13,"offY":8,"sourceW":233,"sourceH":218},
"13_png":{"x":1248,"y":192,"w":197,"h":185,"offX":21,"offY":14,"sourceW":233,"sourceH":218},
"13tongguo_png":{"x":1248,"y":0,"w":200,"h":192,"offX":17,"offY":14,"sourceW":233,"sourceH":218},
"13xuanzhong_png":{"x":0,"y":199,"w":212,"h":199,"offX":13,"offY":9,"sourceW":233,"sourceH":218},
"youjiantou_png":{"x":1931,"y":377,"w":92,"h":119,"offX":13,"offY":9,"sourceW":115,"sourceH":139},
"zuojiantou_png":{"x":1839,"y":377,"w":92,"h":119,"offX":13,"offY":9,"sourceW":115,"sourceH":139},
"1_png":{"x":1033,"y":384,"w":197,"h":185,"offX":21,"offY":14,"sourceW":233,"sourceH":218},
"1tongguo_png":{"x":636,"y":583,"w":200,"h":192,"offX":17,"offY":14,"sourceW":233,"sourceH":218},
"1xuanzhong_png":{"x":0,"y":0,"w":212,"h":199,"offX":13,"offY":8,"sourceW":233,"sourceH":218},
"2_png":{"x":1445,"y":192,"w":197,"h":185,"offX":21,"offY":14,"sourceW":233,"sourceH":218},
"2tongguo_png":{"x":212,"y":796,"w":200,"h":192,"offX":17,"offY":14,"sourceW":233,"sourceH":218}}}