{
  "0": {
    "id": "0",
    "correct": 1,
    "sentence1": "小仓鼠不但有可爱的外表，还有贪吃的习性。",
    "sentence2": "有一次，我们全家出去吃饭，小仓鼠就趁着我们出去的时间里，去我家的“大仓库”偷吃美味的粮食。",
    "sentence3": "等我们回家的时候，小仓鼠的肚子，又大又圆，而我们家的粮食已经不翼而飞了。",
    "sentence4": null,
    "sentence5": null
  },
  "1": {
    "id": "1",
    "correct": 3,
    "sentence1": "如果没有太阳，地球上就没有光明与温暖；",
    "sentence2": "没有风、没有雨，没有雪，也不会有花、鸟、鱼、虫，更不会有人。",
    "sentence3": "总之，没有太阳，就没有美丽的世界。",
    "sentence4": null,
    "sentence5": null
  },
  "2": {
    "id": "2",
    "correct": 1,
    "sentence1": "陈老师特别爱惜粮食。",
    "sentence2": "她常常跟我们说：“谁知盘中餐，粒粒皆辛苦。”",
    "sentence3": "每次吃午饭的时候他都会把自己盘子里的食物吃得干干净净的，并且还会监督我们有没有把碗里的米粒吃干净。",
    "sentence4": null,
    "sentence5": null
  },
  "3": {
    "id": "3",
    "correct": 3,
    "sentence1": "海底是不是没有一点点声音呢？",
    "sentence2": "不是的。",
    "sentence3": "海底的小动物们常常窃窃私语。",
    "sentence4": "如果我们用水下的监听器，就能听见各种声音：有的像蜜蜂一样嗡嗡，有的像小猫一样咕噜咕噜，有的还像小猪一样打着呼噜……",
    "sentence5": "它们吃饭的时候会发出一种声音，前进的时候会发出另一种声音，遇到危险的时候还会发出警报的声音。"
  },
  "4": {
    "id": "4",
    "correct": 5,
    "sentence1": "你见过熊猫吃食吗？",
    "sentence2": "当饲养员把竹叶放在他面前时，熊猫立刻用前爪抓起一把塞进嘴里，一屁股坐在地上，使劲地嚼着。",
    "sentence3": "只见它越吃越香，一口接一口，还时不时抬起眼睛，瞅瞅饲养员。",
    "sentence4": "吃完竹叶，大熊猫还会眼巴巴地看着饲养员，好像没有吃饱似的。",
    "sentence5": "熊猫吃食真是太有趣了！"
  },
  "5": {
    "id": "5",
    "correct": 1,
    "sentence1": "粽子的味道美极了。",
    "sentence2": "粽子叶散发出高雅的清香。咬一口糯米团，真是甜而不腻，粘而爽口。",
    "sentence3": "要是蘸上一口白糖，或是咬上一口甜枣，那就更是人间美味了！",
    "sentence4": null,
    "sentence5": null
  },
  "6": {
    "id": "6",
    "correct": 1,
    "sentence1": "南沙是祖国巨大的蓝色宝库。",
    "sentence2": "她拥有难以计数的珍贵的海洋生物，蕴藏着极为丰富的矿产资源，贮存了用之不竭的海洋动力。",
    "sentence3": "仅曾母暗沙，就以丰富的石油储量而享有“第二波斯湾”的美誉。",
    "sentence4": null,
    "sentence5": null
  },
  "7": {
    "id": "7",
    "correct": 5,
    "sentence1": "春天在哪里？到大自然中找春天去！",
    "sentence2": "春在枝头，柳条嫩绿，桃花鲜艳。",
    "sentence3": "春在空中，和风送暖，燕子翻飞。",
    "sentence4": "春在水里，鱼儿追逐，鸭子戏水。",
    "sentence5": "原来人间处处皆是春！"
  },
  "8": {
    "id": "8",
    "correct": 1,
    "sentence1": "秋天的雨，藏着非常好闻的气味。",
    "sentence2": "秋雨过后，梨香香的，菠萝甜甜的。",
    "sentence3": "还有苹果、橘子，好多好多香甜的气味，都躲在小雨滴里呢！",
    "sentence4": "小朋友的脚，常被那香味勾住。",
    "sentence5": null
  },
  "9": {
    "id": "9",
    "correct": 5,
    "sentence1": "每当人们蹲在溪边洗衣洗菜时，鱼儿就成群结队地，或咬住漂洗的衣服，或叼（diāo）走几片菜叶，真像顽皮的小孩子。",
    "sentence2": "顽皮的小鱼也吸引了很多的游客。",
    "sentence3": "游客在溪边拍拍手，鲤鱼就摇头摆尾游过来，向上跳跃。",
    "sentence4": "有人伸手摸摸鱼背，鱼儿也不离开，像小猫小狗一样温顺。",
    "sentence5": "人们都说，溪中的鲤鱼不怕人。"
  }
}