{
	"groups": [
		{
			"keys": "checkbox_select_disabled_png,checkbox_select_down_png,checkbox_select_up_png,checkbox_unselect_png,selected_png,border_png,header_png,radiobutton_select_disabled_png,radiobutton_select_down_png,radiobutton_select_up_png,radiobutton_unselect_png,roundthumb_png,thumb_png,track_png,tracklight_png,handle_png,off_png,on_png,button_down_png,button_up_png,thumb_pb_png,track_pb_png,track_sb_png,description_json,center_json,anniu-kaishi_png,anniu-shezhi_png,anniu_png,chongboanniu_png,fanhui-anniu_png,qiangdadeniukou_02_2_png,yinyue-anniu_png,zanting-anniu_png,zanting_png,shuiyin_png,bg_png,again_mp3,bg_mp3,dianji_mp3,err_mp3,finish_mp3,changjing_ske_json,changjing_tex_json,changjing_tex_png,shatan_png,shatan_ske_json,shatan_tex_json,shatan_tex_png,changjing_tex_0_json,changjing_tex_0_png,changjing_tex_1_json,changjing_tex_1_png,changjing_tex_2_json,changjing_tex_2_png,xiaodongwu_ske_json,xiaodongwu_tex_json,xiaodongwu_tex_png,taiozhanjieshu_ske_json,taiozhanjieshu_tex_json,taiozhanjieshu_tex_png,talk_introduction2_mp3,talk_introduction1_mp3,bird_mp3,bubble_mp3,crab_mp3,seastar_mp3,wave_mp3,shell_mp3,dongdongAnimation2x_tex_json,dongdongAnimation2x_tex_png,dongdongAnimation2x_ske_json,talk2_png,talk1_png,anniu-di_png",
			"name": "preload"
		},
		{
			"keys": "loading_tex_json,loading_tex_png,loading_ske_json",
			"name": "loading"
		}
	],
	"resources": [
		{
			"url": "assets/CheckBox/checkbox_select_disabled.png",
			"type": "image",
			"name": "checkbox_select_disabled_png"
		},
		{
			"url": "assets/CheckBox/checkbox_select_down.png",
			"type": "image",
			"name": "checkbox_select_down_png"
		},
		{
			"url": "assets/CheckBox/checkbox_select_up.png",
			"type": "image",
			"name": "checkbox_select_up_png"
		},
		{
			"url": "assets/CheckBox/checkbox_unselect.png",
			"type": "image",
			"name": "checkbox_unselect_png"
		},
		{
			"url": "assets/ItemRenderer/selected.png",
			"type": "image",
			"name": "selected_png"
		},
		{
			"url": "assets/Panel/border.png",
			"type": "image",
			"name": "border_png"
		},
		{
			"url": "assets/Panel/header.png",
			"type": "image",
			"name": "header_png"
		},
		{
			"url": "assets/RadioButton/radiobutton_select_disabled.png",
			"type": "image",
			"name": "radiobutton_select_disabled_png"
		},
		{
			"url": "assets/RadioButton/radiobutton_select_down.png",
			"type": "image",
			"name": "radiobutton_select_down_png"
		},
		{
			"url": "assets/RadioButton/radiobutton_select_up.png",
			"type": "image",
			"name": "radiobutton_select_up_png"
		},
		{
			"url": "assets/RadioButton/radiobutton_unselect.png",
			"type": "image",
			"name": "radiobutton_unselect_png"
		},
		{
			"url": "assets/ScrollBar/roundthumb.png",
			"type": "image",
			"name": "roundthumb_png"
		},
		{
			"url": "assets/Slider/thumb.png",
			"type": "image",
			"name": "thumb_png"
		},
		{
			"url": "assets/Slider/track.png",
			"type": "image",
			"name": "track_png"
		},
		{
			"url": "assets/Slider/tracklight.png",
			"type": "image",
			"name": "tracklight_png"
		},
		{
			"url": "assets/ToggleSwitch/handle.png",
			"type": "image",
			"name": "handle_png"
		},
		{
			"url": "assets/ToggleSwitch/off.png",
			"type": "image",
			"name": "off_png"
		},
		{
			"url": "assets/ToggleSwitch/on.png",
			"type": "image",
			"name": "on_png"
		},
		{
			"url": "assets/Button/button_down.png",
			"type": "image",
			"name": "button_down_png"
		},
		{
			"url": "assets/Button/button_up.png",
			"type": "image",
			"name": "button_up_png"
		},
		{
			"url": "assets/ProgressBar/thumb_pb.png",
			"type": "image",
			"name": "thumb_pb_png"
		},
		{
			"url": "assets/ProgressBar/track_pb.png",
			"type": "image",
			"name": "track_pb_png"
		},
		{
			"url": "assets/ScrollBar/track_sb.png",
			"type": "image",
			"name": "track_sb_png"
		},
		{
			"url": "config/description.json",
			"type": "json",
			"name": "description_json"
		},
		{
			"url": "center.json",
			"type": "json",
			"name": "center_json"
		},
		{
			"url": "UI/common/anniu-kaishi.png",
			"type": "image",
			"name": "anniu-kaishi_png"
		},
		{
			"url": "UI/common/anniu-shezhi.png",
			"type": "image",
			"name": "anniu-shezhi_png"
		},
		{
			"url": "UI/common/anniu.png",
			"type": "image",
			"name": "anniu_png"
		},
		{
			"url": "UI/common/chongboanniu.png",
			"type": "image",
			"name": "chongboanniu_png"
		},
		{
			"url": "UI/common/fanhui-anniu.png",
			"type": "image",
			"name": "fanhui-anniu_png"
		},
		{
			"url": "UI/common/qiangdadeniukou_02_2.png",
			"type": "image",
			"name": "qiangdadeniukou_02_2_png"
		},
		{
			"url": "UI/common/yinyue-anniu.png",
			"type": "image",
			"name": "yinyue-anniu_png"
		},
		{
			"url": "UI/common/zanting-anniu.png",
			"type": "image",
			"name": "zanting-anniu_png"
		},
		{
			"url": "UI/common/zanting.png",
			"type": "image",
			"name": "zanting_png"
		},
		{
			"url": "UI/shuiyin.png",
			"type": "image",
			"name": "shuiyin_png"
		},
		{
			"url": "UI/bg.png",
			"type": "image",
			"name": "bg_png"
		},
		{
			"url": "assets/Music/Common/again.mp3",
			"type": "sound",
			"name": "again_mp3"
		},
		{
			"url": "assets/Music/Common/bg.mp3",
			"type": "sound",
			"name": "bg_mp3"
		},
		{
			"url": "assets/Music/Common/dianji.mp3",
			"type": "sound",
			"name": "dianji_mp3"
		},
		{
			"url": "assets/Music/Common/err.mp3",
			"type": "sound",
			"name": "err_mp3"
		},
		{
			"url": "assets/Music/Common/finish.mp3",
			"type": "sound",
			"name": "finish_mp3"
		},
		{
			"url": "assets/DragonBones/changjing_ske.json",
			"type": "json",
			"name": "changjing_ske_json"
		},
		{
			"url": "assets/DragonBones/changjing_tex.json",
			"type": "json",
			"name": "changjing_tex_json"
		},
		{
			"url": "assets/DragonBones/changjing_tex.png",
			"type": "image",
			"name": "changjing_tex_png"
		},
		{
			"url": "UI/shatan.png",
			"type": "image",
			"name": "shatan_png"
		},
		{
			"url": "assets/DragonBones/shatan_ske.json",
			"type": "json",
			"name": "shatan_ske_json"
		},
		{
			"url": "assets/DragonBones/shatan_tex.json",
			"type": "json",
			"name": "shatan_tex_json"
		},
		{
			"url": "assets/DragonBones/shatan_tex.png",
			"type": "image",
			"name": "shatan_tex_png"
		},
		{
			"url": "assets/DragonBones/changjing_tex_0.json",
			"type": "json",
			"name": "changjing_tex_0_json"
		},
		{
			"url": "assets/DragonBones/changjing_tex_0.png",
			"type": "image",
			"name": "changjing_tex_0_png"
		},
		{
			"url": "assets/DragonBones/changjing_tex_1.json",
			"type": "json",
			"name": "changjing_tex_1_json"
		},
		{
			"url": "assets/DragonBones/changjing_tex_1.png",
			"type": "image",
			"name": "changjing_tex_1_png"
		},
		{
			"url": "assets/DragonBones/changjing_tex_2.json",
			"type": "json",
			"name": "changjing_tex_2_json"
		},
		{
			"url": "assets/DragonBones/changjing_tex_2.png",
			"type": "image",
			"name": "changjing_tex_2_png"
		},
		{
			"url": "assets/DragonBones/xiaodongwu_ske.json",
			"type": "json",
			"name": "xiaodongwu_ske_json"
		},
		{
			"url": "assets/DragonBones/xiaodongwu_tex.json",
			"type": "json",
			"name": "xiaodongwu_tex_json"
		},
		{
			"url": "assets/DragonBones/xiaodongwu_tex.png",
			"type": "image",
			"name": "xiaodongwu_tex_png"
		},
		{
			"url": "assets/DragonBones/taiozhanjieshu_ske.json",
			"type": "json",
			"name": "taiozhanjieshu_ske_json"
		},
		{
			"url": "assets/DragonBones/taiozhanjieshu_tex.json",
			"type": "json",
			"name": "taiozhanjieshu_tex_json"
		},
		{
			"url": "assets/DragonBones/taiozhanjieshu_tex.png",
			"type": "image",
			"name": "taiozhanjieshu_tex_png"
		},
		{
			"url": "assets/Music/talk_introduction2.mp3",
			"type": "sound",
			"name": "talk_introduction2_mp3"
		},
		{
			"url": "assets/Music/talk_introduction1.mp3",
			"type": "sound",
			"name": "talk_introduction1_mp3"
		},
		{
			"url": "assets/Music/bird.mp3",
			"type": "sound",
			"name": "bird_mp3"
		},
		{
			"url": "assets/Music/bubble.mp3",
			"type": "sound",
			"name": "bubble_mp3"
		},
		{
			"url": "assets/Music/crab.mp3",
			"type": "sound",
			"name": "crab_mp3"
		},
		{
			"url": "assets/Music/seastar.mp3",
			"type": "sound",
			"name": "seastar_mp3"
		},
		{
			"url": "assets/Music/wave.mp3",
			"type": "sound",
			"name": "wave_mp3"
		},
		{
			"url": "assets/Music/shell.mp3",
			"type": "sound",
			"name": "shell_mp3"
		},
		{
			"url": "assets/DragonBones/dongdongAnimation2x_tex.json",
			"type": "json",
			"name": "dongdongAnimation2x_tex_json"
		},
		{
			"url": "assets/DragonBones/dongdongAnimation2x_tex.png",
			"type": "image",
			"name": "dongdongAnimation2x_tex_png"
		},
		{
			"url": "assets/DragonBones/dongdongAnimation2x_ske.json",
			"type": "json",
			"name": "dongdongAnimation2x_ske_json"
		},
		{
			"url": "assets/DragonBones/loading_tex.json",
			"type": "json",
			"name": "loading_tex_json"
		},
		{
			"url": "assets/DragonBones/loading_tex.png",
			"type": "image",
			"name": "loading_tex_png"
		},
		{
			"url": "assets/DragonBones/loading_ske.json",
			"type": "json",
			"name": "loading_ske_json"
		},
		{
			"name": "talk2_png",
			"type": "image",
			"url": "UI/talk2.png"
		},
		{
			"name": "talk1_png",
			"type": "image",
			"url": "UI/talk1.png"
		},
		{
			"name": "anniu-di_png",
			"type": "image",
			"url": "UI/common/anniu-di.png"
		}
	]
}